date,bond_id,maturity_years,yield
2026-01-02,JGB000,1.346,0.007395
2026-01-02,JGB001,2.577,0.009942
2026-01-02,JGB002,2.952,0.011577
2026-01-02,JGB003,4.293,0.012496
2026-01-02,JGB004,4.298,0.013261
2026-01-02,JGB005,4.328,0.013634
2026-01-02,JGB006,4.57,0.012688
2026-01-02,JGB007,4.857,0.013544
2026-01-02,JGB008,4.864,0.013081
2026-01-02,JGB009,6.465,0.014975
2026-01-02,JGB010,6.533,0.0154
2026-01-02,JGB011,6.906,0.015845
2026-01-02,JGB012,7.441,0.014698
2026-01-02,JGB013,8.622,0.01556
2026-01-02,JGB014,8.676,0.016147
2026-01-02,JGB015,10.922,0.017024
2026-01-02,JGB016,11.385,0.016674
2026-01-02,JGB017,13.183,0.016402
2026-01-02,JGB018,14.279,0.016924
2026-01-02,JGB019,14.767,0.016777
2026-01-02,JGB020,15.229,0.016704
2026-01-02,JGB021,15.586,0.016511
2026-01-02,JGB022,15.615,0.016974
2026-01-02,JGB023,16.698,0.016966
2026-01-02,JGB024,16.835,0.016841
2026-01-02,JGB025,17.952,0.016858
2026-01-02,JGB026,18.244,0.016461
2026-01-02,JGB027,18.846,0.016772
2026-01-02,JGB028,20.054,0.017406
2026-01-02,JGB029,20.276,0.016945
2026-01-02,JGB030,20.364,0.016463
2026-01-02,JGB031,23.747,0.017687
2026-01-02,JGB032,24.165,0.017347
2026-01-02,JGB033,24.594,0.017924
2026-01-02,JGB034,26.086,0.017124
2026-01-02,JGB035,26.93,0.017062
2026-01-02,JGB036,27.092,0.016608
2026-01-02,JGB037,27.882,0.01778
2026-01-02,JGB038,28.476,0.0183
2026-01-02,JGB039,29.437,0.016807
2026-01-05,JGB000,1.346,0.007707
2026-01-05,JGB001,2.577,0.01033
2026-01-05,JGB002,2.952,0.011936
2026-01-05,JGB003,4.293,0.012842
2026-01-05,JGB004,4.298,0.013578
2026-01-05,JGB005,4.328,0.013823
2026-01-05,JGB006,4.57,0.012997
2026-01-05,JGB007,4.857,0.013779
2026-01-05,JGB008,4.864,0.013427
2026-01-05,JGB009,6.465,0.015254
2026-01-05,JGB010,6.533,0.015857
2026-01-05,JGB011,6.906,0.016277
2026-01-05,JGB012,7.441,0.014992
2026-01-05,JGB013,8.622,0.015924
2026-01-05,JGB014,8.676,0.016441
2026-01-05,JGB015,10.922,0.017293
2026-01-05,JGB016,11.385,0.016918
2026-01-05,JGB017,13.183,0.016656
2026-01-05,JGB018,14.279,0.017212
2026-01-05,JGB019,14.767,0.017102
2026-01-05,JGB020,15.229,0.017087
2026-01-05,JGB021,15.586,0.0168
2026-01-05,JGB022,15.615,0.017361
2026-01-05,JGB023,16.698,0.017303
2026-01-05,JGB024,16.835,0.017151
2026-01-05,JGB025,17.952,0.017172
2026-01-05,JGB026,18.244,0.016739
2026-01-05,JGB027,18.846,0.017122
2026-01-05,JGB028,20.054,0.017792
2026-01-05,JGB029,20.276,0.017214
2026-01-05,JGB030,20.364,0.016728
2026-01-05,JGB031,23.747,0.018017
2026-01-05,JGB032,24.165,0.017639
2026-01-05,JGB033,24.594,0.018216
2026-01-05,JGB034,26.086,0.017479
2026-01-05,JGB035,26.93,0.017202
2026-01-05,JGB036,27.092,0.016978
2026-01-05,JGB037,27.882,0.017931
2026-01-05,JGB038,28.476,0.018536
2026-01-05,JGB039,29.437,0.017194
2026-01-06,JGB000,1.346,0.006543
2026-01-06,JGB001,2.577,0.009196
2026-01-06,JGB002,2.952,0.010776
2026-01-06,JGB003,4.293,0.011689
2026-01-06,JGB004,4.298,0.012461
2026-01-06,JGB005,4.328,0.01275
2026-01-06,JGB006,4.57,0.011866
2026-01-06,JGB007,4.857,0.012654
2026-01-06,JGB008,4.864,0.012296
2026-01-06,JGB009,6.465,0.014074
2026-01-06,JGB010,6.533,0.014709
2026-01-06,JGB011,6.906,0.015055
2026-01-06,JGB012,7.441,0.013766
2026-01-06,JGB013,8.622,0.014771
2026-01-06,JGB014,8.676,0.015365
2026-01-06,JGB015,10.922,0.016208
2026-01-06,JGB016,11.385,0.015745
2026-01-06,JGB017,13.183,0.015559
2026-01-06,JGB018,14.279,0.016013
2026-01-06,JGB019,14.767,0.015939
2026-01-06,JGB020,15.229,0.015906
2026-01-06,JGB021,15.586,0.015594
2026-01-06,JGB022,15.615,0.01617
2026-01-06,JGB023,16.698,0.016134
2026-01-06,JGB024,16.835,0.015996
2026-01-06,JGB025,17.952,0.015952
2026-01-06,JGB026,18.244,0.015535
2026-01-06,JGB027,18.846,0.015905
2026-01-06,JGB028,20.054,0.016706
2026-01-06,JGB029,20.276,0.016195
2026-01-06,JGB030,20.364,0.015613
2026-01-06,JGB031,23.747,0.01685
2026-01-06,JGB032,24.165,0.016468
2026-01-06,JGB033,24.594,0.017023
2026-01-06,JGB034,26.086,0.01633
2026-01-06,JGB035,26.93,0.016146
2026-01-06,JGB036,27.092,0.015711
2026-01-06,JGB037,27.882,0.016866
2026-01-06,JGB038,28.476,0.017385
2026-01-06,JGB039,29.437,0.015967
2026-01-07,JGB000,1.346,0.005362
2026-01-07,JGB001,2.577,0.007981
2026-01-07,JGB002,2.952,0.009581
2026-01-07,JGB003,4.293,0.010571
2026-01-07,JGB004,4.298,0.011346
2026-01-07,JGB005,4.328,0.011567
2026-01-07,JGB006,4.57,0.01073
2026-01-07,JGB007,4.857,0.011553
2026-01-07,JGB008,4.864,0.011146
2026-01-07,JGB009,6.465,0.013019
2026-01-07,JGB010,6.533,0.013496
2026-01-07,JGB011,6.906,0.013963
2026-01-07,JGB012,7.441,0.012768
2026-01-07,JGB013,8.622,0.013638
2026-01-07,JGB014,8.676,0.014095
2026-01-07,JGB015,10.922,0.015036
2026-01-07,JGB016,11.385,0.014679
2026-01-07,JGB017,13.183,0.014389
2026-01-07,JGB018,14.279,0.014854
2026-01-07,JGB019,14.767,0.014868
2026-01-07,JGB020,15.229,0.014685
2026-01-07,JGB021,15.586,0.014581
2026-01-07,JGB022,15.615,0.015006
2026-01-07,JGB023,16.698,0.014971
2026-01-07,JGB024,16.835,0.014938
2026-01-07,JGB025,17.952,0.014889
2026-01-07,JGB026,18.244,0.014399
2026-01-07,JGB027,18.846,0.014827
2026-01-07,JGB028,20.054,0.015489
2026-01-07,JGB029,20.276,0.014862
2026-01-07,JGB030,20.364,0.014425
2026-01-07,JGB031,23.747,0.015654
2026-01-07,JGB032,24.165,0.015358
2026-01-07,JGB033,24.594,0.015973
2026-01-07,JGB034,26.086,0.015171
2026-01-07,JGB035,26.93,0.014993
2026-01-07,JGB036,27.092,0.014567
2026-01-07,JGB037,27.882,0.015755
2026-01-07,JGB038,28.476,0.016209
2026-01-07,JGB039,29.437,0.014871
2026-01-08,JGB000,1.346,0.005803
2026-01-08,JGB001,2.577,0.008439
2026-01-08,JGB002,2.952,0.010158
2026-01-08,JGB003,4.293,0.011021
2026-01-08,JGB004,4.298,0.011728
2026-01-08,JGB005,4.328,0.012088
2026-01-08,JGB006,4.57,0.011153
2026-01-08,JGB007,4.857,0.012003
2026-01-08,JGB008,4.864,0.01156
2026-01-08,JGB009,6.465,0.013464
2026-01-08,JGB010,6.533,0.013919
2026-01-08,JGB011,6.906,0.014475
2026-01-08,JGB012,7.441,0.013124
2026-01-08,JGB013,8.622,0.014002
2026-01-08,JGB014,8.676,0.014598
2026-01-08,JGB015,10.922,0.01547
2026-01-08,JGB016,11.385,0.015106
2026-01-08,JGB017,13.183,0.014796
2026-01-08,JGB018,14.279,0.015384
2026-01-08,JGB019,14.767,0.015455
2026-01-08,JGB020,15.229,0.015166
2026-01-08,JGB021,15.586,0.015055
2026-01-08,JGB022,15.615,0.015474
2026-01-08,JGB023,16.698,0.015523
2026-01-08,JGB024,16.835,0.015269
2026-01-08,JGB025,17.952,0.015296
2026-01-08,JGB026,18.244,0.014963
2026-01-08,JGB027,18.846,0.015278
2026-01-08,JGB028,20.054,0.016075
2026-01-08,JGB029,20.276,0.015405
2026-01-08,JGB030,20.364,0.014951
2026-01-08,JGB031,23.747,0.01627
2026-01-08,JGB032,24.165,0.015771
2026-01-08,JGB033,24.594,0.016402
2026-01-08,JGB034,26.086,0.01565
2026-01-08,JGB035,26.93,0.01545
2026-01-08,JGB036,27.092,0.015103
2026-01-08,JGB037,27.882,0.016186
2026-01-08,JGB038,28.476,0.016647
2026-01-08,JGB039,29.437,0.01535
2026-01-09,JGB000,1.346,0.008071
2026-01-09,JGB001,2.577,0.010487
2026-01-09,JGB002,2.952,0.012226
2026-01-09,JGB003,4.293,0.013112
2026-01-09,JGB004,4.298,0.013925
2026-01-09,JGB005,4.328,0.014213
2026-01-09,JGB006,4.57,0.013426
2026-01-09,JGB007,4.857,0.014187
2026-01-09,JGB008,4.864,0.013789
2026-01-09,JGB009,6.465,0.01561
2026-01-09,JGB010,6.533,0.016148
2026-01-09,JGB011,6.906,0.016577
2026-01-09,JGB012,7.441,0.015366
2026-01-09,JGB013,8.622,0.016259
2026-01-09,JGB014,8.676,0.016743
2026-01-09,JGB015,10.922,0.017703
2026-01-09,JGB016,11.385,0.01726
2026-01-09,JGB017,13.183,0.017
2026-01-09,JGB018,14.279,0.017476
2026-01-09,JGB019,14.767,0.017397
2026-01-09,JGB020,15.229,0.01735
2026-01-09,JGB021,15.586,0.01705
2026-01-09,JGB022,15.615,0.017692
2026-01-09,JGB023,16.698,0.017693
2026-01-09,JGB024,16.835,0.017501
2026-01-09,JGB025,17.952,0.017558
2026-01-09,JGB026,18.244,0.017113
2026-01-09,JGB027,18.846,0.01745
2026-01-09,JGB028,20.054,0.018021
2026-01-09,JGB029,20.276,0.01758
2026-01-09,JGB030,20.364,0.01712
2026-01-09,JGB031,23.747,0.018356
2026-01-09,JGB032,24.165,0.018053
2026-01-09,JGB033,24.594,0.01867
2026-01-09,JGB034,26.086,0.017745
2026-01-09,JGB035,26.93,0.017494
2026-01-09,JGB036,27.092,0.017241
2026-01-09,JGB037,27.882,0.018332
2026-01-09,JGB038,28.476,0.018884
2026-01-09,JGB039,29.437,0.017484
2026-01-12,JGB000,1.346,0.008106
2026-01-12,JGB001,2.577,0.010821
2026-01-12,JGB002,2.952,0.012384
2026-01-12,JGB003,4.293,0.013346
2026-01-12,JGB004,4.298,0.01409
2026-01-12,JGB005,4.328,0.01439
2026-01-12,JGB006,4.57,0.013518
2026-01-12,JGB007,4.857,0.014313
2026-01-12,JGB008,4.864,0.013956
2026-01-12,JGB009,6.465,0.0158
2026-01-12,JGB010,6.533,0.016296
2026-01-12,JGB011,6.906,0.016704
2026-01-12,JGB012,7.441,0.015561
2026-01-12,JGB013,8.622,0.0164
2026-01-12,JGB014,8.676,0.016983
2026-01-12,JGB015,10.922,0.017833
2026-01-12,JGB016,11.385,0.017395
2026-01-12,JGB017,13.183,0.01714
2026-01-12,JGB018,14.279,0.017695
2026-01-12,JGB019,14.767,0.017611
2026-01-12,JGB020,15.229,0.017586
2026-01-12,JGB021,15.586,0.0173
2026-01-12,JGB022,15.615,0.017784
2026-01-12,JGB023,16.698,0.017833
2026-01-12,JGB024,16.835,0.017765
2026-01-12,JGB025,17.952,0.017561
2026-01-12,JGB026,18.244,0.017286
2026-01-12,JGB027,18.846,0.017578
2026-01-12,JGB028,20.054,0.018339
2026-01-12,JGB029,20.276,0.01774
2026-01-12,JGB030,20.364,0.017285
2026-01-12,JGB031,23.747,0.018527
2026-01-12,JGB032,24.165,0.018152
2026-01-12,JGB033,24.594,0.018794
2026-01-12,JGB034,26.086,0.017995
2026-01-12,JGB035,26.93,0.01774
2026-01-12,JGB036,27.092,0.017413
2026-01-12,JGB037,27.882,0.018494
2026-01-12,JGB038,28.476,0.018969
2026-01-12,JGB039,29.437,0.017662
2026-01-13,JGB000,1.346,0.008031
2026-01-13,JGB001,2.577,0.010609
2026-01-13,JGB002,2.952,0.012192
2026-01-13,JGB003,4.293,0.013214
2026-01-13,JGB004,4.298,0.013928
2026-01-13,JGB005,4.328,0.014271
2026-01-13,JGB006,4.57,0.013345
2026-01-13,JGB007,4.857,0.014121
2026-01-13,JGB008,4.864,0.013709
2026-01-13,JGB009,6.465,0.015573
2026-01-13,JGB010,6.533,0.016182
2026-01-13,JGB011,6.906,0.016551
2026-01-13,JGB012,7.441,0.015212
2026-01-13,JGB013,8.622,0.016216
2026-01-13,JGB014,8.676,0.016675
2026-01-13,JGB015,10.922,0.017633
2026-01-13,JGB016,11.385,0.017176
2026-01-13,JGB017,13.183,0.016927
2026-01-13,JGB018,14.279,0.017507
2026-01-13,JGB019,14.767,0.017407
2026-01-13,JGB020,15.229,0.017284
2026-01-13,JGB021,15.586,0.017213
2026-01-13,JGB022,15.615,0.017734
2026-01-13,JGB023,16.698,0.017576
2026-01-13,JGB024,16.835,0.017588
2026-01-13,JGB025,17.952,0.017457
2026-01-13,JGB026,18.244,0.017052
2026-01-13,JGB027,18.846,0.017408
2026-01-13,JGB028,20.054,0.018058
2026-01-13,JGB029,20.276,0.017642
2026-01-13,JGB030,20.364,0.017104
2026-01-13,JGB031,23.747,0.018223
2026-01-13,JGB032,24.165,0.017932
2026-01-13,JGB033,24.594,0.018508
2026-01-13,JGB034,26.086,0.017771
2026-01-13,JGB035,26.93,0.017636
2026-01-13,JGB036,27.092,0.017112
2026-01-13,JGB037,27.882,0.018295
2026-01-13,JGB038,28.476,0.018829
2026-01-13,JGB039,29.437,0.017528
2026-01-14,JGB000,1.346,0.009048
2026-01-14,JGB001,2.577,0.011651
2026-01-14,JGB002,2.952,0.013318
2026-01-14,JGB003,4.293,0.0142
2026-01-14,JGB004,4.298,0.014941
2026-01-14,JGB005,4.328,0.015339
2026-01-14,JGB006,4.57,0.014476
2026-01-14,JGB007,4.857,0.015217
2026-01-14,JGB008,4.864,0.014798
2026-01-14,JGB009,6.465,0.016692
2026-01-14,JGB010,6.533,0.017118
2026-01-14,JGB011,6.906,0.017622
2026-01-14,JGB012,7.441,0.016311
2026-01-14,JGB013,8.622,0.017414
2026-01-14,JGB014,8.676,0.017859
2026-01-14,JGB015,10.922,0.018709
2026-01-14,JGB016,11.385,0.018303
2026-01-14,JGB017,13.183,0.017941
2026-01-14,JGB018,14.279,0.018614
2026-01-14,JGB019,14.767,0.01857
2026-01-14,JGB020,15.229,0.018408
2026-01-14,JGB021,15.586,0.018287
2026-01-14,JGB022,15.615,0.01874
2026-01-14,JGB023,16.698,0.01865
2026-01-14,JGB024,16.835,0.018621
2026-01-14,JGB025,17.952,0.018636
2026-01-14,JGB026,18.244,0.018165
2026-01-14,JGB027,18.846,0.018491
2026-01-14,JGB028,20.054,0.019247
2026-01-14,JGB029,20.276,0.018577
2026-01-14,JGB030,20.364,0.018161
2026-01-14,JGB031,23.747,0.019391
2026-01-14,JGB032,24.165,0.018961
2026-01-14,JGB033,24.594,0.019711
2026-01-14,JGB034,26.086,0.018845
2026-01-14,JGB035,26.93,0.018563
2026-01-14,JGB036,27.092,0.01827
2026-01-14,JGB037,27.882,0.019345
2026-01-14,JGB038,28.476,0.019915
2026-01-14,JGB039,29.437,0.018495
2026-01-15,JGB000,1.346,0.00985
2026-01-15,JGB001,2.577,0.012523
2026-01-15,JGB002,2.952,0.014082
2026-01-15,JGB003,4.293,0.015019
2026-01-15,JGB004,4.298,0.015832
2026-01-15,JGB005,4.328,0.016112
2026-01-15,JGB006,4.57,0.015188
2026-01-15,JGB007,4.857,0.015957
2026-01-15,JGB008,4.864,0.015682
2026-01-15,JGB009,6.465,0.017517
2026-01-15,JGB010,6.533,0.018012
2026-01-15,JGB011,6.906,0.018452
2026-01-15,JGB012,7.441,0.017129
2026-01-15,JGB013,8.622,0.018061
2026-01-15,JGB014,8.676,0.018598
2026-01-15,JGB015,10.922,0.019536
2026-01-15,JGB016,11.385,0.019144
2026-01-15,JGB017,13.183,0.018846
2026-01-15,JGB018,14.279,0.019432
2026-01-15,JGB019,14.767,0.019344
2026-01-15,JGB020,15.229,0.019269
2026-01-15,JGB021,15.586,0.019121
2026-01-15,JGB022,15.615,0.019506
2026-01-15,JGB023,16.698,0.019539
2026-01-15,JGB024,16.835,0.019414
2026-01-15,JGB025,17.952,0.019383
2026-01-15,JGB026,18.244,0.01901
2026-01-15,JGB027,18.846,0.019248
2026-01-15,JGB028,20.054,0.020095
2026-01-15,JGB029,20.276,0.019432
2026-01-15,JGB030,20.364,0.018965
2026-01-15,JGB031,23.747,0.020086
2026-01-15,JGB032,24.165,0.01987
2026-01-15,JGB033,24.594,0.020542
2026-01-15,JGB034,26.086,0.019736
2026-01-15,JGB035,26.93,0.019525
2026-01-15,JGB036,27.092,0.019014
2026-01-15,JGB037,27.882,0.020171
2026-01-15,JGB038,28.476,0.020692
2026-01-15,JGB039,29.437,0.019323
2026-01-16,JGB000,1.346,0.010754
2026-01-16,JGB001,2.577,0.013362
2026-01-16,JGB002,2.952,0.014995
2026-01-16,JGB003,4.293,0.015845
2026-01-16,JGB004,4.298,0.016585
2026-01-16,JGB005,4.328,0.016915
2026-01-16,JGB006,4.57,0.016091
2026-01-16,JGB007,4.857,0.016895
2026-01-16,JGB008,4.864,0.016511
2026-01-16,JGB009,6.465,0.018392
2026-01-16,JGB010,6.533,0.018819
2026-01-16,JGB011,6.906,0.01927
2026-01-16,JGB012,7.441,0.018046
2026-01-16,JGB013,8.622,0.018902
2026-01-16,JGB014,8.676,0.019471
2026-01-16,JGB015,10.922,0.020428
2026-01-16,JGB016,11.385,0.020043
2026-01-16,JGB017,13.183,0.019795
2026-01-16,JGB018,14.279,0.020256
2026-01-16,JGB019,14.767,0.020152
2026-01-16,JGB020,15.229,0.020173
2026-01-16,JGB021,15.586,0.019909
2026-01-16,JGB022,15.615,0.020395
2026-01-16,JGB023,16.698,0.020469
2026-01-16,JGB024,16.835,0.02023
2026-01-16,JGB025,17.952,0.020212
2026-01-16,JGB026,18.244,0.019828
2026-01-16,JGB027,18.846,0.020199
2026-01-16,JGB028,20.054,0.020906
2026-01-16,JGB029,20.276,0.020337
2026-01-16,JGB030,20.364,0.019859
2026-01-16,JGB031,23.747,0.020933
2026-01-16,JGB032,24.165,0.020655
2026-01-16,JGB033,24.594,0.021344
2026-01-16,JGB034,26.086,0.020494
2026-01-16,JGB035,26.93,0.020274
2026-01-16,JGB036,27.092,0.019889
2026-01-16,JGB037,27.882,0.021022
2026-01-16,JGB038,28.476,0.021564
2026-01-16,JGB039,29.437,0.020177
2026-01-19,JGB000,1.346,0.010961
2026-01-19,JGB001,2.577,0.013486
2026-01-19,JGB002,2.952,0.015165
2026-01-19,JGB003,4.293,0.016038
2026-01-19,JGB004,4.298,0.016705
2026-01-19,JGB005,4.328,0.017077
2026-01-19,JGB006,4.57,0.016148
2026-01-19,JGB007,4.857,0.017047
2026-01-19,JGB008,4.864,0.016555
2026-01-19,JGB009,6.465,0.018535
2026-01-19,JGB010,6.533,0.019046
2026-01-19,JGB011,6.906,0.019327
2026-01-19,JGB012,7.441,0.018208
2026-01-19,JGB013,8.622,0.019178
2026-01-19,JGB014,8.676,0.019589
2026-01-19,JGB015,10.922,0.020557
2026-01-19,JGB016,11.385,0.020028
2026-01-19,JGB017,13.183,0.019885
2026-01-19,JGB018,14.279,0.020301
2026-01-19,JGB019,14.767,0.020317
2026-01-19,JGB020,15.229,0.02016
2026-01-19,JGB021,15.586,0.019926
2026-01-19,JGB022,15.615,0.020528
2026-01-19,JGB023,16.698,0.020647
2026-01-19,JGB024,16.835,0.020349
2026-01-19,JGB025,17.952,0.020415
2026-01-19,JGB026,18.244,0.019965
2026-01-19,JGB027,18.846,0.020283
2026-01-19,JGB028,20.054,0.021043
2026-01-19,JGB029,20.276,0.020542
2026-01-19,JGB030,20.364,0.0199
2026-01-19,JGB031,23.747,0.021172
2026-01-19,JGB032,24.165,0.020846
2026-01-19,JGB033,24.594,0.021395
2026-01-19,JGB034,26.086,0.020752
2026-01-19,JGB035,26.93,0.02057
2026-01-19,JGB036,27.092,0.020033
2026-01-19,JGB037,27.882,0.021286
2026-01-19,JGB038,28.476,0.021707
2026-01-19,JGB039,29.437,0.02035
2026-01-20,JGB000,1.346,0.01203
2026-01-20,JGB001,2.577,0.014653
2026-01-20,JGB002,2.952,0.01632
2026-01-20,JGB003,4.293,0.017231
2026-01-20,JGB004,4.298,0.017949
2026-01-20,JGB005,4.328,0.018163
2026-01-20,JGB006,4.57,0.017261
2026-01-20,JGB007,4.857,0.018208
2026-01-20,JGB008,4.864,0.017709
2026-01-20,JGB009,6.465,0.019619
2026-01-20,JGB010,6.533,0.020107
2026-01-20,JGB011,6.906,0.020562
2026-01-20,JGB012,7.441,0.019248
2026-01-20,JGB013,8.622,0.020325
2026-01-20,JGB014,8.676,0.02072
2026-01-20,JGB015,10.922,0.021644
2026-01-20,JGB016,11.385,0.021252
2026-01-20,JGB017,13.183,0.021076
2026-01-20,JGB018,14.279,0.021456
2026-01-20,JGB019,14.767,0.021435
2026-01-20,JGB020,15.229,0.021382
2026-01-20,JGB021,15.586,0.021227
2026-01-20,JGB022,15.615,0.021675
2026-01-20,JGB023,16.698,0.021653
2026-01-20,JGB024,16.835,0.021534
2026-01-20,JGB025,17.952,0.021498
2026-01-20,JGB026,18.244,0.021125
2026-01-20,JGB027,18.846,0.021437
2026-01-20,JGB028,20.054,0.022123
2026-01-20,JGB029,20.276,0.021601
2026-01-20,JGB030,20.364,0.021123
2026-01-20,JGB031,23.747,0.0224
2026-01-20,JGB032,24.165,0.021947
2026-01-20,JGB033,24.594,0.022625
2026-01-20,JGB034,26.086,0.021887
2026-01-20,JGB035,26.93,0.021511
2026-01-20,JGB036,27.092,0.021136
2026-01-20,JGB037,27.882,0.022282
2026-01-20,JGB038,28.476,0.022841
2026-01-20,JGB039,29.437,0.021623
2026-01-21,JGB000,1.346,0.012309
2026-01-21,JGB001,2.577,0.014856
2026-01-21,JGB002,2.952,0.016351
2026-01-21,JGB003,4.293,0.017281
2026-01-21,JGB004,4.298,0.018186
2026-01-21,JGB005,4.328,0.018473
2026-01-21,JGB006,4.57,0.017505
2026-01-21,JGB007,4.857,0.018438
2026-01-21,JGB008,4.864,0.017909
2026-01-21,JGB009,6.465,0.019899
2026-01-21,JGB010,6.533,0.020463
2026-01-21,JGB011,6.906,0.020763
2026-01-21,JGB012,7.441,0.019487
2026-01-21,JGB013,8.622,0.020516
2026-01-21,JGB014,8.676,0.020947
2026-01-21,JGB015,10.922,0.021924
2026-01-21,JGB016,11.385,0.021432
2026-01-21,JGB017,13.183,0.021286
2026-01-21,JGB018,14.279,0.021762
2026-01-21,JGB019,14.767,0.021645
2026-01-21,JGB020,15.229,0.021578
2026-01-21,JGB021,15.586,0.021443
2026-01-21,JGB022,15.615,0.021787
2026-01-21,JGB023,16.698,0.021892
2026-01-21,JGB024,16.835,0.021733
2026-01-21,JGB025,17.952,0.021781
2026-01-21,JGB026,18.244,0.02127
2026-01-21,JGB027,18.846,0.021759
2026-01-21,JGB028,20.054,0.02237
2026-01-21,JGB029,20.276,0.021776
2026-01-21,JGB030,20.364,0.021404
2026-01-21,JGB031,23.747,0.0226
2026-01-21,JGB032,24.165,0.022193
2026-01-21,JGB033,24.594,0.022795
2026-01-21,JGB034,26.086,0.022045
2026-01-21,JGB035,26.93,0.021811
2026-01-21,JGB036,27.092,0.021438
2026-01-21,JGB037,27.882,0.02265
2026-01-21,JGB038,28.476,0.023097
2026-01-21,JGB039,29.437,0.021739
2026-01-22,JGB000,1.346,0.012436
2026-01-22,JGB001,2.577,0.015098
2026-01-22,JGB002,2.952,0.016708
2026-01-22,JGB003,4.293,0.017568
2026-01-22,JGB004,4.298,0.018329
2026-01-22,JGB005,4.328,0.018774
2026-01-22,JGB006,4.57,0.017781
2026-01-22,JGB007,4.857,0.018562
2026-01-22,JGB008,4.864,0.018278
2026-01-22,JGB009,6.465,0.020032
2026-01-22,JGB010,6.533,0.020525
2026-01-22,JGB011,6.906,0.021025
2026-01-22,JGB012,7.441,0.019687
2026-01-22,JGB013,8.622,0.020638
2026-01-22,JGB014,8.676,0.021207
2026-01-22,JGB015,10.922,0.022064
2026-01-22,JGB016,11.385,0.021643
2026-01-22,JGB017,13.183,0.021408
2026-01-22,JGB018,14.279,0.021917
2026-01-22,JGB019,14.767,0.021914
2026-01-22,JGB020,15.229,0.021776
2026-01-22,JGB021,15.586,0.021592
2026-01-22,JGB022,15.615,0.022173
2026-01-22,JGB023,16.698,0.022068
2026-01-22,JGB024,16.835,0.022016
2026-01-22,JGB025,17.952,0.022002
2026-01-22,JGB026,18.244,0.021514
2026-01-22,JGB027,18.846,0.021791
2026-01-22,JGB028,20.054,0.022598
2026-01-22,JGB029,20.276,0.022056
2026-01-22,JGB030,20.364,0.021573
2026-01-22,JGB031,23.747,0.02271
2026-01-22,JGB032,24.165,0.022452
2026-01-22,JGB033,24.594,0.023099
2026-01-22,JGB034,26.086,0.022181
2026-01-22,JGB035,26.93,0.022106
2026-01-22,JGB036,27.092,0.021652
2026-01-22,JGB037,27.882,0.022733
2026-01-22,JGB038,28.476,0.023251
2026-01-22,JGB039,29.437,0.022015
2026-01-23,JGB000,1.346,0.013045
2026-01-23,JGB001,2.577,0.015757
2026-01-23,JGB002,2.952,0.017353
2026-01-23,JGB003,4.293,0.018274
2026-01-23,JGB004,4.298,0.018995
2026-01-23,JGB005,4.328,0.019276
2026-01-23,JGB006,4.57,0.018499
2026-01-23,JGB007,4.857,0.019221
2026-01-23,JGB008,4.864,0.018853
2026-01-23,JGB009,6.465,0.020698
2026-01-23,JGB010,6.533,0.02124
2026-01-23,JGB011,6.906,0.021724
2026-01-23,JGB012,7.441,0.020447
2026-01-23,JGB013,8.622,0.021325
2026-01-23,JGB014,8.676,0.02184
2026-01-23,JGB015,10.922,0.022743
2026-01-23,JGB016,11.385,0.022425
2026-01-23,JGB017,13.183,0.022137
2026-01-23,JGB018,14.279,0.022655
2026-01-23,JGB019,14.767,0.022536
2026-01-23,JGB020,15.229,0.022496
2026-01-23,JGB021,15.586,0.022328
2026-01-23,JGB022,15.615,0.022675
2026-01-23,JGB023,16.698,0.022872
2026-01-23,JGB024,16.835,0.022599
2026-01-23,JGB025,17.952,0.022604
2026-01-23,JGB026,18.244,0.022285
2026-01-23,JGB027,18.846,0.02257
2026-01-23,JGB028,20.054,0.023274
2026-01-23,JGB029,20.276,0.022689
2026-01-23,JGB030,20.364,0.022143
2026-01-23,JGB031,23.747,0.023412
2026-01-23,JGB032,24.165,0.023147
2026-01-23,JGB033,24.594,0.023681
2026-01-23,JGB034,26.086,0.022998
2026-01-23,JGB035,26.93,0.022675
2026-01-23,JGB036,27.092,0.022302
2026-01-23,JGB037,27.882,0.023483
2026-01-23,JGB038,28.476,0.023963
2026-01-23,JGB039,29.437,0.022652
2026-01-26,JGB000,1.346,0.012385
2026-01-26,JGB001,2.577,0.014961
2026-01-26,JGB002,2.952,0.016601
2026-01-26,JGB003,4.293,0.01753
2026-01-26,JGB004,4.298,0.018251
2026-01-26,JGB005,4.328,0.018666
2026-01-26,JGB006,4.57,0.017724
2026-01-26,JGB007,4.857,0.01847
2026-01-26,JGB008,4.864,0.018297
2026-01-26,JGB009,6.465,0.019988
2026-01-26,JGB010,6.533,0.020515
2026-01-26,JGB011,6.906,0.021051
2026-01-26,JGB012,7.441,0.019788
2026-01-26,JGB013,8.622,0.020603
2026-01-26,JGB014,8.676,0.021115
2026-01-26,JGB015,10.922,0.022018
2026-01-26,JGB016,11.385,0.021735
2026-01-26,JGB017,13.183,0.021417
2026-01-26,JGB018,14.279,0.021904
2026-01-26,JGB019,14.767,0.021852
2026-01-26,JGB020,15.229,0.02187
2026-01-26,JGB021,15.586,0.021549
2026-01-26,JGB022,15.615,0.02205
2026-01-26,JGB023,16.698,0.022024
2026-01-26,JGB024,16.835,0.022048
2026-01-26,JGB025,17.952,0.022025
2026-01-26,JGB026,18.244,0.021567
2026-01-26,JGB027,18.846,0.021853
2026-01-26,JGB028,20.054,0.022606
2026-01-26,JGB029,20.276,0.021915
2026-01-26,JGB030,20.364,0.021536
2026-01-26,JGB031,23.747,0.022637
2026-01-26,JGB032,24.165,0.022323
2026-01-26,JGB033,24.594,0.022992
2026-01-26,JGB034,26.086,0.022214
2026-01-26,JGB035,26.93,0.022061
2026-01-26,JGB036,27.092,0.021676
2026-01-26,JGB037,27.882,0.022772
2026-01-26,JGB038,28.476,0.023217
2026-01-26,JGB039,29.437,0.021953
2026-01-27,JGB000,1.346,0.012307
2026-01-27,JGB001,2.577,0.01482
2026-01-27,JGB002,2.952,0.016335
2026-01-27,JGB003,4.293,0.017372
2026-01-27,JGB004,4.298,0.018242
2026-01-27,JGB005,4.328,0.018486
2026-01-27,JGB006,4.57,0.01756
2026-01-27,JGB007,4.857,0.018425
2026-01-27,JGB008,4.864,0.01801
2026-01-27,JGB009,6.465,0.019865
2026-01-27,JGB010,6.533,0.020365
2026-01-27,JGB011,6.906,0.020805
2026-01-27,JGB012,7.441,0.019552
2026-01-27,JGB013,8.622,0.020441
2026-01-27,JGB014,8.676,0.020945
2026-01-27,JGB015,10.922,0.021887
2026-01-27,JGB016,11.385,0.021539
2026-01-27,JGB017,13.183,0.021277
2026-01-27,JGB018,14.279,0.021781
2026-01-27,JGB019,14.767,0.021691
2026-01-27,JGB020,15.229,0.021751
2026-01-27,JGB021,15.586,0.021444
2026-01-27,JGB022,15.615,0.021933
2026-01-27,JGB023,16.698,0.022003
2026-01-27,JGB024,16.835,0.021755
2026-01-27,JGB025,17.952,0.021759
2026-01-27,JGB026,18.244,0.021384
2026-01-27,JGB027,18.846,0.021757
2026-01-27,JGB028,20.054,0.022401
2026-01-27,JGB029,20.276,0.02185
2026-01-27,JGB030,20.364,0.021339
2026-01-27,JGB031,23.747,0.022456
2026-01-27,JGB032,24.165,0.022257
2026-01-27,JGB033,24.594,0.022827
2026-01-27,JGB034,26.086,0.021957
2026-01-27,JGB035,26.93,0.021838
2026-01-27,JGB036,27.092,0.021366
2026-01-27,JGB037,27.882,0.022521
2026-01-27,JGB038,28.476,0.023078
2026-01-27,JGB039,29.437,0.021685
2026-01-28,JGB000,1.346,0.012948
2026-01-28,JGB001,2.577,0.015653
2026-01-28,JGB002,2.952,0.017275
2026-01-28,JGB003,4.293,0.018243
2026-01-28,JGB004,4.298,0.018954
2026-01-28,JGB005,4.328,0.019248
2026-01-28,JGB006,4.57,0.018347
2026-01-28,JGB007,4.857,0.019152
2026-01-28,JGB008,4.864,0.018815
2026-01-28,JGB009,6.465,0.020582
2026-01-28,JGB010,6.533,0.02119
2026-01-28,JGB011,6.906,0.02157
2026-01-28,JGB012,7.441,0.020327
2026-01-28,JGB013,8.622,0.021233
2026-01-28,JGB014,8.676,0.021881
2026-01-28,JGB015,10.922,0.022621
2026-01-28,JGB016,11.385,0.022277
2026-01-28,JGB017,13.183,0.022032
2026-01-28,JGB018,14.279,0.022561
2026-01-28,JGB019,14.767,0.022462
2026-01-28,JGB020,15.229,0.022417
2026-01-28,JGB021,15.586,0.022253
2026-01-28,JGB022,15.615,0.02258
2026-01-28,JGB023,16.698,0.02268
2026-01-28,JGB024,16.835,0.022464
2026-01-28,JGB025,17.952,0.022531
2026-01-28,JGB026,18.244,0.022046
2026-01-28,JGB027,18.846,0.022398
2026-01-28,JGB028,20.054,0.023156
2026-01-28,JGB029,20.276,0.022675
2026-01-28,JGB030,20.364,0.022137
2026-01-28,JGB031,23.747,0.023305
2026-01-28,JGB032,24.165,0.023045
2026-01-28,JGB033,24.594,0.023566
2026-01-28,JGB034,26.086,0.022712
2026-01-28,JGB035,26.93,0.022597
2026-01-28,JGB036,27.092,0.022212
2026-01-28,JGB037,27.882,0.023407
2026-01-28,JGB038,28.476,0.023957
2026-01-28,JGB039,29.437,0.022438
2026-01-29,JGB000,1.346,0.01499
2026-01-29,JGB001,2.577,0.017572
2026-01-29,JGB002,2.952,0.019156
2026-01-29,JGB003,4.293,0.020181
2026-01-29,JGB004,4.298,0.020802
2026-01-29,JGB005,4.328,0.021103
2026-01-29,JGB006,4.57,0.02024
2026-01-29,JGB007,4.857,0.020976
2026-01-29,JGB008,4.864,0.020672
2026-01-29,JGB009,6.465,0.0225
2026-01-29,JGB010,6.533,0.02307
2026-01-29,JGB011,6.906,0.023482
2026-01-29,JGB012,7.441,0.022152
2026-01-29,JGB013,8.622,0.023202
2026-01-29,JGB014,8.676,0.023614
2026-01-29,JGB015,10.922,0.024588
2026-01-29,JGB016,11.385,0.024075
2026-01-29,JGB017,13.183,0.023927
2026-01-29,JGB018,14.279,0.024379
2026-01-29,JGB019,14.767,0.024332
2026-01-29,JGB020,15.229,0.024253
2026-01-29,JGB021,15.586,0.023985
2026-01-29,JGB022,15.615,0.024489
2026-01-29,JGB023,16.698,0.024573
2026-01-29,JGB024,16.835,0.024447
2026-01-29,JGB025,17.952,0.024336
2026-01-29,JGB026,18.244,0.023889
2026-01-29,JGB027,18.846,0.024292
2026-01-29,JGB028,20.054,0.025038
2026-01-29,JGB029,20.276,0.024464
2026-01-29,JGB030,20.364,0.023958
2026-01-29,JGB031,23.747,0.025222
2026-01-29,JGB032,24.165,0.024913
2026-01-29,JGB033,24.594,0.02554
2026-01-29,JGB034,26.086,0.02466
2026-01-29,JGB035,26.93,0.024512
2026-01-29,JGB036,27.092,0.024107
2026-01-29,JGB037,27.882,0.025164
2026-01-29,JGB038,28.476,0.025784
2026-01-29,JGB039,29.437,0.024399
2026-01-30,JGB000,1.346,0.014467
2026-01-30,JGB001,2.577,0.017052
2026-01-30,JGB002,2.952,0.018664
2026-01-30,JGB003,4.293,0.019604
2026-01-30,JGB004,4.298,0.020318
2026-01-30,JGB005,4.328,0.020547
2026-01-30,JGB006,4.57,0.019698
2026-01-30,JGB007,4.857,0.020579
2026-01-30,JGB008,4.864,0.020094
2026-01-30,JGB009,6.465,0.021991
2026-01-30,JGB010,6.533,0.022558
2026-01-30,JGB011,6.906,0.02302
2026-01-30,JGB012,7.441,0.021754
2026-01-30,JGB013,8.622,0.022665
2026-01-30,JGB014,8.676,0.023139
2026-01-30,JGB015,10.922,0.024073
2026-01-30,JGB016,11.385,0.023665
2026-01-30,JGB017,13.183,0.023384
2026-01-30,JGB018,14.279,0.023972
2026-01-30,JGB019,14.767,0.023838
2026-01-30,JGB020,15.229,0.023732
2026-01-30,JGB021,15.586,0.023641
2026-01-30,JGB022,15.615,0.024016
2026-01-30,JGB023,16.698,0.024083
2026-01-30,JGB024,16.835,0.023823
2026-01-30,JGB025,17.952,0.023892
2026-01-30,JGB026,18.244,0.023432
2026-01-30,JGB027,18.846,0.023771
2026-01-30,JGB028,20.054,0.024437
2026-01-30,JGB029,20.276,0.024087
2026-01-30,JGB030,20.364,0.023474
2026-01-30,JGB031,23.747,0.024675
2026-01-30,JGB032,24.165,0.024404
2026-01-30,JGB033,24.594,0.02498
2026-01-30,JGB034,26.086,0.024216
2026-01-30,JGB035,26.93,0.023924
2026-01-30,JGB036,27.092,0.02361
2026-01-30,JGB037,27.882,0.024698
2026-01-30,JGB038,28.476,0.025249
2026-01-30,JGB039,29.437,0.023887
2026-02-02,JGB000,1.346,0.013072
2026-02-02,JGB001,2.577,0.015731
2026-02-02,JGB002,2.952,0.017426
2026-02-02,JGB003,4.293,0.018333
2026-02-02,JGB004,4.298,0.01907
2026-02-02,JGB005,4.328,0.019277
2026-02-02,JGB006,4.57,0.018351
2026-02-02,JGB007,4.857,0.019266
2026-02-02,JGB008,4.864,0.018884
2026-02-02,JGB009,6.465,0.020727
2026-02-02,JGB010,6.533,0.021324
2026-02-02,JGB011,6.906,0.021708
2026-02-02,JGB012,7.441,0.020398
2026-02-02,JGB013,8.622,0.021344
2026-02-02,JGB014,8.676,0.021924
2026-02-02,JGB015,10.922,0.022799
2026-02-02,JGB016,11.385,0.022403
2026-02-02,JGB017,13.183,0.022274
2026-02-02,JGB018,14.279,0.022659
2026-02-02,JGB019,14.767,0.022587
2026-02-02,JGB020,15.229,0.022488
2026-02-02,JGB021,15.586,0.022328
2026-02-02,JGB022,15.615,0.022823
2026-02-02,JGB023,16.698,0.022849
2026-02-02,JGB024,16.835,0.022659
2026-02-02,JGB025,17.952,0.022681
2026-02-02,JGB026,18.244,0.02225
2026-02-02,JGB027,18.846,0.022494
2026-02-02,JGB028,20.054,0.023137
2026-02-02,JGB029,20.276,0.022863
2026-02-02,JGB030,20.364,0.022291
2026-02-02,JGB031,23.747,0.023429
2026-02-02,JGB032,24.165,0.02303
2026-02-02,JGB033,24.594,0.023691
2026-02-02,JGB034,26.086,0.023027
2026-02-02,JGB035,26.93,0.022621
2026-02-02,JGB036,27.092,0.022352
2026-02-02,JGB037,27.882,0.02353
2026-02-02,JGB038,28.476,0.023999
2026-02-02,JGB039,29.437,0.022684
2026-02-03,JGB000,1.346,0.013073
2026-02-03,JGB001,2.577,0.01552
2026-02-03,JGB002,2.952,0.01711
2026-02-03,JGB003,4.293,0.018115
2026-02-03,JGB004,4.298,0.01891
2026-02-03,JGB005,4.328,0.019165
2026-02-03,JGB006,4.57,0.018327
2026-02-03,JGB007,4.857,0.019059
2026-02-03,JGB008,4.864,0.018631
2026-02-03,JGB009,6.465,0.020616
2026-02-03,JGB010,6.533,0.021173
2026-02-03,JGB011,6.906,0.021582
2026-02-03,JGB012,7.441,0.020224
2026-02-03,JGB013,8.622,0.02112
2026-02-03,JGB014,8.676,0.021647
2026-02-03,JGB015,10.922,0.022574
2026-02-03,JGB016,11.385,0.022225
2026-02-03,JGB017,13.183,0.021975
2026-02-03,JGB018,14.279,0.02239
2026-02-03,JGB019,14.767,0.02238
2026-02-03,JGB020,15.229,0.022328
2026-02-03,JGB021,15.586,0.02214
2026-02-03,JGB022,15.615,0.022585
2026-02-03,JGB023,16.698,0.0226
2026-02-03,JGB024,16.835,0.022486
2026-02-03,JGB025,17.952,0.022457
2026-02-03,JGB026,18.244,0.022048
2026-02-03,JGB027,18.846,0.022342
2026-02-03,JGB028,20.054,0.02311
2026-02-03,JGB029,20.276,0.022531
2026-02-03,JGB030,20.364,0.021933
2026-02-03,JGB031,23.747,0.023245
2026-02-03,JGB032,24.165,0.022893
2026-02-03,JGB033,24.594,0.02359
2026-02-03,JGB034,26.086,0.02274
2026-02-03,JGB035,26.93,0.022545
2026-02-03,JGB036,27.092,0.022168
2026-02-03,JGB037,27.882,0.023276
2026-02-03,JGB038,28.476,0.023759
2026-02-03,JGB039,29.437,0.022346
2026-02-04,JGB000,1.346,0.014247
2026-02-04,JGB001,2.577,0.016927
2026-02-04,JGB002,2.952,0.018584
2026-02-04,JGB003,4.293,0.019493
2026-02-04,JGB004,4.298,0.02024
2026-02-04,JGB005,4.328,0.020579
2026-02-04,JGB006,4.57,0.01971
2026-02-04,JGB007,4.857,0.020474
2026-02-04,JGB008,4.864,0.020208
2026-02-04,JGB009,6.465,0.021869
2026-02-04,JGB010,6.533,0.022479
2026-02-04,JGB011,6.906,0.02286
2026-02-04,JGB012,7.441,0.021592
2026-02-04,JGB013,8.622,0.022565
2026-02-04,JGB014,8.676,0.023151
2026-02-04,JGB015,10.922,0.023922
2026-02-04,JGB016,11.385,0.023533
2026-02-04,JGB017,13.183,0.023359
2026-02-04,JGB018,14.279,0.023861
2026-02-04,JGB019,14.767,0.023841
2026-02-04,JGB020,15.229,0.023751
2026-02-04,JGB021,15.586,0.02352
2026-02-04,JGB022,15.615,0.023942
2026-02-04,JGB023,16.698,0.023994
2026-02-04,JGB024,16.835,0.023821
2026-02-04,JGB025,17.952,0.023755
2026-02-04,JGB026,18.244,0.02341
2026-02-04,JGB027,18.846,0.023741
2026-02-04,JGB028,20.054,0.024451
2026-02-04,JGB029,20.276,0.023888
2026-02-04,JGB030,20.364,0.023496
2026-02-04,JGB031,23.747,0.024628
2026-02-04,JGB032,24.165,0.024326
2026-02-04,JGB033,24.594,0.024886
2026-02-04,JGB034,26.086,0.02407
2026-02-04,JGB035,26.93,0.023908
2026-02-04,JGB036,27.092,0.023542
2026-02-04,JGB037,27.882,0.024632
2026-02-04,JGB038,28.476,0.025144
2026-02-04,JGB039,29.437,0.023857
2026-02-05,JGB000,1.346,0.014387
2026-02-05,JGB001,2.577,0.017033
2026-02-05,JGB002,2.952,0.018629
2026-02-05,JGB003,4.293,0.019593
2026-02-05,JGB004,4.298,0.020264
2026-02-05,JGB005,4.328,0.020642
2026-02-05,JGB006,4.57,0.019792
2026-02-05,JGB007,4.857,0.020571
2026-02-05,JGB008,4.864,0.020127
2026-02-05,JGB009,6.465,0.021999
2026-02-05,JGB010,6.533,0.022584
2026-02-05,JGB011,6.906,0.023013
2026-02-05,JGB012,7.441,0.021771
2026-02-05,JGB013,8.622,0.022654
2026-02-05,JGB014,8.676,0.023123
2026-02-05,JGB015,10.922,0.024139
2026-02-05,JGB016,11.385,0.023694
2026-02-05,JGB017,13.183,0.023453
2026-02-05,JGB018,14.279,0.02396
2026-02-05,JGB019,14.767,0.023802
2026-02-05,JGB020,15.229,0.023794
2026-02-05,JGB021,15.586,0.023631
2026-02-05,JGB022,15.615,0.024121
2026-02-05,JGB023,16.698,0.024097
2026-02-05,JGB024,16.835,0.023784
2026-02-05,JGB025,17.952,0.023922
2026-02-05,JGB026,18.244,0.023537
2026-02-05,JGB027,18.846,0.023925
2026-02-05,JGB028,20.054,0.024609
2026-02-05,JGB029,20.276,0.024145
2026-02-05,JGB030,20.364,0.023594
2026-02-05,JGB031,23.747,0.024772
2026-02-05,JGB032,24.165,0.024436
2026-02-05,JGB033,24.594,0.024958
2026-02-05,JGB034,26.086,0.024274
2026-02-05,JGB035,26.93,0.024063
2026-02-05,JGB036,27.092,0.023614
2026-02-05,JGB037,27.882,0.024789
2026-02-05,JGB038,28.476,0.025285
2026-02-05,JGB039,29.437,0.023896
2026-02-06,JGB000,1.346,0.014193
2026-02-06,JGB001,2.577,0.016836
2026-02-06,JGB002,2.952,0.01841
2026-02-06,JGB003,4.293,0.019382
2026-02-06,JGB004,4.298,0.019996
2026-02-06,JGB005,4.328,0.020407
2026-02-06,JGB006,4.57,0.019443
2026-02-06,JGB007,4.857,0.020315
2026-02-06,JGB008,4.864,0.019969
2026-02-06,JGB009,6.465,0.021801
2026-02-06,JGB010,6.533,0.022343
2026-02-06,JGB011,6.906,0.022763
2026-02-06,JGB012,7.441,0.021578
2026-02-06,JGB013,8.622,0.022376
2026-02-06,JGB014,8.676,0.023004
2026-02-06,JGB015,10.922,0.023763
2026-02-06,JGB016,11.385,0.023426
2026-02-06,JGB017,13.183,0.023211
2026-02-06,JGB018,14.279,0.023672
2026-02-06,JGB019,14.767,0.023634
2026-02-06,JGB020,15.229,0.023617
2026-02-06,JGB021,15.586,0.023329
2026-02-06,JGB022,15.615,0.023836
2026-02-06,JGB023,16.698,0.023845
2026-02-06,JGB024,16.835,0.023613
2026-02-06,JGB025,17.952,0.023695
2026-02-06,JGB026,18.244,0.02325
2026-02-06,JGB027,18.846,0.023697
2026-02-06,JGB028,20.054,0.0243
2026-02-06,JGB029,20.276,0.023875
2026-02-06,JGB030,20.364,0.023266
2026-02-06,JGB031,23.747,0.024571
2026-02-06,JGB032,24.165,0.024186
2026-02-06,JGB033,24.594,0.02482
2026-02-06,JGB034,26.086,0.024042
2026-02-06,JGB035,26.93,0.023848
2026-02-06,JGB036,27.092,0.023481
2026-02-06,JGB037,27.882,0.024616
2026-02-06,JGB038,28.476,0.025017
2026-02-06,JGB039,29.437,0.023627
2026-02-09,JGB000,1.346,0.011923
2026-02-09,JGB001,2.577,0.014599
2026-02-09,JGB002,2.952,0.016187
2026-02-09,JGB003,4.293,0.017096
2026-02-09,JGB004,4.298,0.017811
2026-02-09,JGB005,4.328,0.018125
2026-02-09,JGB006,4.57,0.01725
2026-02-09,JGB007,4.857,0.018095
2026-02-09,JGB008,4.864,0.017591
2026-02-09,JGB009,6.465,0.019573
2026-02-09,JGB010,6.533,0.020012
2026-02-09,JGB011,6.906,0.020487
2026-02-09,JGB012,7.441,0.019204
2026-02-09,JGB013,8.622,0.020149
2026-02-09,JGB014,8.676,0.020643
2026-02-09,JGB015,10.922,0.021517
2026-02-09,JGB016,11.385,0.021174
2026-02-09,JGB017,13.183,0.020885
2026-02-09,JGB018,14.279,0.021574
2026-02-09,JGB019,14.767,0.021339
2026-02-09,JGB020,15.229,0.021283
2026-02-09,JGB021,15.586,0.021097
2026-02-09,JGB022,15.615,0.021522
2026-02-09,JGB023,16.698,0.021477
2026-02-09,JGB024,16.835,0.021433
2026-02-09,JGB025,17.952,0.021456
2026-02-09,JGB026,18.244,0.020951
2026-02-09,JGB027,18.846,0.021367
2026-02-09,JGB028,20.054,0.022019
2026-02-09,JGB029,20.276,0.021524
2026-02-09,JGB030,20.364,0.021046
2026-02-09,JGB031,23.747,0.022234
2026-02-09,JGB032,24.165,0.021917
2026-02-09,JGB033,24.594,0.022498
2026-02-09,JGB034,26.086,0.021781
2026-02-09,JGB035,26.93,0.021516
2026-02-09,JGB036,27.092,0.021164
2026-02-09,JGB037,27.882,0.022301
2026-02-09,JGB038,28.476,0.022755
2026-02-09,JGB039,29.437,0.021361
2026-02-10,JGB000,1.346,0.012289
2026-02-10,JGB001,2.577,0.014918
2026-02-10,JGB002,2.952,0.016515
2026-02-10,JGB003,4.293,0.017535
2026-02-10,JGB004,4.298,0.018223
2026-02-10,JGB005,4.328,0.018447
2026-02-10,JGB006,4.57,0.017703
2026-02-10,JGB007,4.857,0.018582
2026-02-10,JGB008,4.864,0.018172
2026-02-10,JGB009,6.465,0.01991
2026-02-10,JGB010,6.533,0.020491
2026-02-10,JGB011,6.906,0.020923
2026-02-10,JGB012,7.441,0.019683
2026-02-10,JGB013,8.622,0.020571
2026-02-10,JGB014,8.676,0.021043
2026-02-10,JGB015,10.922,0.022015
2026-02-10,JGB016,11.385,0.021618
2026-02-10,JGB017,13.183,0.021275
2026-02-10,JGB018,14.279,0.021835
2026-02-10,JGB019,14.767,0.021776
2026-02-10,JGB020,15.229,0.021719
2026-02-10,JGB021,15.586,0.021554
2026-02-10,JGB022,15.615,0.022018
2026-02-10,JGB023,16.698,0.022029
2026-02-10,JGB024,16.835,0.021843
2026-02-10,JGB025,17.952,0.021775
2026-02-10,JGB026,18.244,0.021459
2026-02-10,JGB027,18.846,0.021839
2026-02-10,JGB028,20.054,0.022581
2026-02-10,JGB029,20.276,0.021927
2026-02-10,JGB030,20.364,0.021429
2026-02-10,JGB031,23.747,0.022685
2026-02-10,JGB032,24.165,0.02237
2026-02-10,JGB033,24.594,0.022953
2026-02-10,JGB034,26.086,0.022176
2026-02-10,JGB035,26.93,0.021903
2026-02-10,JGB036,27.092,0.021579
2026-02-10,JGB037,27.882,0.022627
2026-02-10,JGB038,28.476,0.023166
2026-02-10,JGB039,29.437,0.021821
2026-02-11,JGB000,1.346,0.011764
2026-02-11,JGB001,2.577,0.014446
2026-02-11,JGB002,2.952,0.016111
2026-02-11,JGB003,4.293,0.017014
2026-02-11,JGB004,4.298,0.017736
2026-02-11,JGB005,4.328,0.018105
2026-02-11,JGB006,4.57,0.017225
2026-02-11,JGB007,4.857,0.018045
2026-02-11,JGB008,4.864,0.017566
2026-02-11,JGB009,6.465,0.019464
2026-02-11,JGB010,6.533,0.019995
2026-02-11,JGB011,6.906,0.020378
2026-02-11,JGB012,7.441,0.019088
2026-02-11,JGB013,8.622,0.020089
2026-02-11,JGB014,8.676,0.020578
2026-02-11,JGB015,10.922,0.021609
2026-02-11,JGB016,11.385,0.021107
2026-02-11,JGB017,13.183,0.020855
2026-02-11,JGB018,14.279,0.021358
2026-02-11,JGB019,14.767,0.021381
2026-02-11,JGB020,15.229,0.021196
2026-02-11,JGB021,15.586,0.021044
2026-02-11,JGB022,15.615,0.021464
2026-02-11,JGB023,16.698,0.02152
2026-02-11,JGB024,16.835,0.021371
2026-02-11,JGB025,17.952,0.021422
2026-02-11,JGB026,18.244,0.020882
2026-02-11,JGB027,18.846,0.021292
2026-02-11,JGB028,20.054,0.022087
2026-02-11,JGB029,20.276,0.021428
2026-02-11,JGB030,20.364,0.020947
2026-02-11,JGB031,23.747,0.022093
2026-02-11,JGB032,24.165,0.021691
2026-02-11,JGB033,24.594,0.022455
2026-02-11,JGB034,26.086,0.021723
2026-02-11,JGB035,26.93,0.021442
2026-02-11,JGB036,27.092,0.020982
2026-02-11,JGB037,27.882,0.022206
2026-02-11,JGB038,28.476,0.022701
2026-02-11,JGB039,29.437,0.021402
2026-02-12,JGB000,1.346,0.012491
2026-02-12,JGB001,2.577,0.015142
2026-02-12,JGB002,2.952,0.01664
2026-02-12,JGB003,4.293,0.017708
2026-02-12,JGB004,4.298,0.0184
2026-02-12,JGB005,4.328,0.018773
2026-02-12,JGB006,4.57,0.017879
2026-02-12,JGB007,4.857,0.018623
2026-02-12,JGB008,4.864,0.018234
2026-02-12,JGB009,6.465,0.020054
2026-02-12,JGB010,6.533,0.020543
2026-02-12,JGB011,6.906,0.02105
2026-02-12,JGB012,7.441,0.019805
2026-02-12,JGB013,8.622,0.020675
2026-02-12,JGB014,8.676,0.021293
2026-02-12,JGB015,10.922,0.022141
2026-02-12,JGB016,11.385,0.02177
2026-02-12,JGB017,13.183,0.021463
2026-02-12,JGB018,14.279,0.021925
2026-02-12,JGB019,14.767,0.021961
2026-02-12,JGB020,15.229,0.021909
2026-02-12,JGB021,15.586,0.021681
2026-02-12,JGB022,15.615,0.022116
2026-02-12,JGB023,16.698,0.022148
2026-02-12,JGB024,16.835,0.022001
2026-02-12,JGB025,17.952,0.021977
2026-02-12,JGB026,18.244,0.021487
2026-02-12,JGB027,18.846,0.021968
2026-02-12,JGB028,20.054,0.022567
2026-02-12,JGB029,20.276,0.022072
2026-02-12,JGB030,20.364,0.021575
2026-02-12,JGB031,23.747,0.022785
2026-02-12,JGB032,24.165,0.022377
2026-02-12,JGB033,24.594,0.023156
2026-02-12,JGB034,26.086,0.022332
2026-02-12,JGB035,26.93,0.02214
2026-02-12,JGB036,27.092,0.021772
2026-02-12,JGB037,27.882,0.022788
2026-02-12,JGB038,28.476,0.023176
2026-02-12,JGB039,29.437,0.022004
2026-02-13,JGB000,1.346,0.013511
2026-02-13,JGB001,2.577,0.016044
2026-02-13,JGB002,2.952,0.017674
2026-02-13,JGB003,4.293,0.018615
2026-02-13,JGB004,4.298,0.019249
2026-02-13,JGB005,4.328,0.019634
2026-02-13,JGB006,4.57,0.018743
2026-02-13,JGB007,4.857,0.019665
2026-02-13,JGB008,4.864,0.019158
2026-02-13,JGB009,6.465,0.021125
2026-02-13,JGB010,6.533,0.021596
2026-02-13,JGB011,6.906,0.021922
2026-02-13,JGB012,7.441,0.020858
2026-02-13,JGB013,8.622,0.021629
2026-02-13,JGB014,8.676,0.022237
2026-02-13,JGB015,10.922,0.023171
2026-02-13,JGB016,11.385,0.022669
2026-02-13,JGB017,13.183,0.022389
2026-02-13,JGB018,14.279,0.023014
2026-02-13,JGB019,14.767,0.022874
2026-02-13,JGB020,15.229,0.022766
2026-02-13,JGB021,15.586,0.022582
2026-02-13,JGB022,15.615,0.023067
2026-02-13,JGB023,16.698,0.023159
2026-02-13,JGB024,16.835,0.022943
2026-02-13,JGB025,17.952,0.022984
2026-02-13,JGB026,18.244,0.02262
2026-02-13,JGB027,18.846,0.022941
2026-02-13,JGB028,20.054,0.023662
2026-02-13,JGB029,20.276,0.023099
2026-02-13,JGB030,20.364,0.022459
2026-02-13,JGB031,23.747,0.023783
2026-02-13,JGB032,24.165,0.023423
2026-02-13,JGB033,24.594,0.024038
2026-02-13,JGB034,26.086,0.023194
2026-02-13,JGB035,26.93,0.022971
2026-02-13,JGB036,27.092,0.022602
2026-02-13,JGB037,27.882,0.023776
2026-02-13,JGB038,28.476,0.024223
2026-02-13,JGB039,29.437,0.022895
2026-02-16,JGB000,1.346,0.012882
2026-02-16,JGB001,2.577,0.015452
2026-02-16,JGB002,2.952,0.017067
2026-02-16,JGB003,4.293,0.018063
2026-02-16,JGB004,4.298,0.018719
2026-02-16,JGB005,4.328,0.019093
2026-02-16,JGB006,4.57,0.018117
2026-02-16,JGB007,4.857,0.018998
2026-02-16,JGB008,4.864,0.018592
2026-02-16,JGB009,6.465,0.020451
2026-02-16,JGB010,6.533,0.020967
2026-02-16,JGB011,6.906,0.02135
2026-02-16,JGB012,7.441,0.020127
2026-02-16,JGB013,8.622,0.02105
2026-02-16,JGB014,8.676,0.021653
2026-02-16,JGB015,10.922,0.022526
2026-02-16,JGB016,11.385,0.022031
2026-02-16,JGB017,13.183,0.021877
2026-02-16,JGB018,14.279,0.022333
2026-02-16,JGB019,14.767,0.022289
2026-02-16,JGB020,15.229,0.022199
2026-02-16,JGB021,15.586,0.021958
2026-02-16,JGB022,15.615,0.022533
2026-02-16,JGB023,16.698,0.022529
2026-02-16,JGB024,16.835,0.022291
2026-02-16,JGB025,17.952,0.022252
2026-02-16,JGB026,18.244,0.021906
2026-02-16,JGB027,18.846,0.022214
2026-02-16,JGB028,20.054,0.022967
2026-02-16,JGB029,20.276,0.022464
2026-02-16,JGB030,20.364,0.022008
2026-02-16,JGB031,23.747,0.023099
2026-02-16,JGB032,24.165,0.022871
2026-02-16,JGB033,24.594,0.023498
2026-02-16,JGB034,26.086,0.022622
2026-02-16,JGB035,26.93,0.022362
2026-02-16,JGB036,27.092,0.022096
2026-02-16,JGB037,27.882,0.023203
2026-02-16,JGB038,28.476,0.023795
2026-02-16,JGB039,29.437,0.022403
2026-02-17,JGB000,1.346,0.013462
2026-02-17,JGB001,2.577,0.015943
2026-02-17,JGB002,2.952,0.017612
2026-02-17,JGB003,4.293,0.018511
2026-02-17,JGB004,4.298,0.01935
2026-02-17,JGB005,4.328,0.01962
2026-02-17,JGB006,4.57,0.018545
2026-02-17,JGB007,4.857,0.019579
2026-02-17,JGB008,4.864,0.019069
2026-02-17,JGB009,6.465,0.02101
2026-02-17,JGB010,6.533,0.021495
2026-02-17,JGB011,6.906,0.021942
2026-02-17,JGB012,7.441,0.020702
2026-02-17,JGB013,8.622,0.021612
2026-02-17,JGB014,8.676,0.022083
2026-02-17,JGB015,10.922,0.023079
2026-02-17,JGB016,11.385,0.02264
2026-02-17,JGB017,13.183,0.022373
2026-02-17,JGB018,14.279,0.022921
2026-02-17,JGB019,14.767,0.022769
2026-02-17,JGB020,15.229,0.022846
2026-02-17,JGB021,15.586,0.022571
2026-02-17,JGB022,15.615,0.023029
2026-02-17,JGB023,16.698,0.023052
2026-02-17,JGB024,16.835,0.022836
2026-02-17,JGB025,17.952,0.022817
2026-02-17,JGB026,18.244,0.022472
2026-02-17,JGB027,18.846,0.022819
2026-02-17,JGB028,20.054,0.023582
2026-02-17,JGB029,20.276,0.022984
2026-02-17,JGB030,20.364,0.02241
2026-02-17,JGB031,23.747,0.023672
2026-02-17,JGB032,24.165,0.023372
2026-02-17,JGB033,24.594,0.024019
2026-02-17,JGB034,26.086,0.02319
2026-02-17,JGB035,26.93,0.022913
2026-02-17,JGB036,27.092,0.02264
2026-02-17,JGB037,27.882,0.023665
2026-02-17,JGB038,28.476,0.024235
2026-02-17,JGB039,29.437,0.022782
2026-02-18,JGB000,1.346,0.013856
2026-02-18,JGB001,2.577,0.016567
2026-02-18,JGB002,2.952,0.018209
2026-02-18,JGB003,4.293,0.019102
2026-02-18,JGB004,4.298,0.019723
2026-02-18,JGB005,4.328,0.020062
2026-02-18,JGB006,4.57,0.019173
2026-02-18,JGB007,4.857,0.020061
2026-02-18,JGB008,4.864,0.019649
2026-02-18,JGB009,6.465,0.021496
2026-02-18,JGB010,6.533,0.022052
2026-02-18,JGB011,6.906,0.022477
2026-02-18,JGB012,7.441,0.021221
2026-02-18,JGB013,8.622,0.022204
2026-02-18,JGB014,8.676,0.022645
2026-02-18,JGB015,10.922,0.023537
2026-02-18,JGB016,11.385,0.023045
2026-02-18,JGB017,13.183,0.022825
2026-02-18,JGB018,14.279,0.023369
2026-02-18,JGB019,14.767,0.023253
2026-02-18,JGB020,15.229,0.02328
2026-02-18,JGB021,15.586,0.023129
2026-02-18,JGB022,15.615,0.023506
2026-02-18,JGB023,16.698,0.023528
2026-02-18,JGB024,16.835,0.023373
2026-02-18,JGB025,17.952,0.023399
2026-02-18,JGB026,18.244,0.022951
2026-02-18,JGB027,18.846,0.02334
2026-02-18,JGB028,20.054,0.024046
2026-02-18,JGB029,20.276,0.023496
2026-02-18,JGB030,20.364,0.023019
2026-02-18,JGB031,23.747,0.024164
2026-02-18,JGB032,24.165,0.023855
2026-02-18,JGB033,24.594,0.024573
2026-02-18,JGB034,26.086,0.023687
2026-02-18,JGB035,26.93,0.023531
2026-02-18,JGB036,27.092,0.023101
2026-02-18,JGB037,27.882,0.024195
2026-02-18,JGB038,28.476,0.0247
2026-02-18,JGB039,29.437,0.023336
2026-02-19,JGB000,1.346,0.013753
2026-02-19,JGB001,2.577,0.01638
2026-02-19,JGB002,2.952,0.018069
2026-02-19,JGB003,4.293,0.018924
2026-02-19,JGB004,4.298,0.019726
2026-02-19,JGB005,4.328,0.020011
2026-02-19,JGB006,4.57,0.019147
2026-02-19,JGB007,4.857,0.019885
2026-02-19,JGB008,4.864,0.019527
2026-02-19,JGB009,6.465,0.021508
2026-02-19,JGB010,6.533,0.021966
2026-02-19,JGB011,6.906,0.022386
2026-02-19,JGB012,7.441,0.021088
2026-02-19,JGB013,8.622,0.02205
2026-02-19,JGB014,8.676,0.022477
2026-02-19,JGB015,10.922,0.023372
2026-02-19,JGB016,11.385,0.023047
2026-02-19,JGB017,13.183,0.02282
2026-02-19,JGB018,14.279,0.023271
2026-02-19,JGB019,14.767,0.023191
2026-02-19,JGB020,15.229,0.023139
2026-02-19,JGB021,15.586,0.022956
2026-02-19,JGB022,15.615,0.023356
2026-02-19,JGB023,16.698,0.023368
2026-02-19,JGB024,16.835,0.023282
2026-02-19,JGB025,17.952,0.023193
2026-02-19,JGB026,18.244,0.022817
2026-02-19,JGB027,18.846,0.023173
2026-02-19,JGB028,20.054,0.023867
2026-02-19,JGB029,20.276,0.023378
2026-02-19,JGB030,20.364,0.022846
2026-02-19,JGB031,23.747,0.024046
2026-02-19,JGB032,24.165,0.023685
2026-02-19,JGB033,24.594,0.024336
2026-02-19,JGB034,26.086,0.023603
2026-02-19,JGB035,26.93,0.023397
2026-02-19,JGB036,27.092,0.022963
2026-02-19,JGB037,27.882,0.024123
2026-02-19,JGB038,28.476,0.024619
2026-02-19,JGB039,29.437,0.023273
2026-02-20,JGB000,1.346,0.014899
2026-02-20,JGB001,2.577,0.017558
2026-02-20,JGB002,2.952,0.019165
2026-02-20,JGB003,4.293,0.020055
2026-02-20,JGB004,4.298,0.020747
2026-02-20,JGB005,4.328,0.021168
2026-02-20,JGB006,4.57,0.020253
2026-02-20,JGB007,4.857,0.021054
2026-02-20,JGB008,4.864,0.020657
2026-02-20,JGB009,6.465,0.022513
2026-02-20,JGB010,6.533,0.023016
2026-02-20,JGB011,6.906,0.023486
2026-02-20,JGB012,7.441,0.022122
2026-02-20,JGB013,8.622,0.023142
2026-02-20,JGB014,8.676,0.023596
2026-02-20,JGB015,10.922,0.024533
2026-02-20,JGB016,11.385,0.024197
2026-02-20,JGB017,13.183,0.023902
2026-02-20,JGB018,14.279,0.024403
2026-02-20,JGB019,14.767,0.024362
2026-02-20,JGB020,15.229,0.024279
2026-02-20,JGB021,15.586,0.02408
2026-02-20,JGB022,15.615,0.024531
2026-02-20,JGB023,16.698,0.024651
2026-02-20,JGB024,16.835,0.024455
2026-02-20,JGB025,17.952,0.02444
2026-02-20,JGB026,18.244,0.023942
2026-02-20,JGB027,18.846,0.024373
2026-02-20,JGB028,20.054,0.02499
2026-02-20,JGB029,20.276,0.024526
2026-02-20,JGB030,20.364,0.023948
2026-02-20,JGB031,23.747,0.025283
2026-02-20,JGB032,24.165,0.024786
2026-02-20,JGB033,24.594,0.02557
2026-02-20,JGB034,26.086,0.024753
2026-02-20,JGB035,26.93,0.024425
2026-02-20,JGB036,27.092,0.02411
2026-02-20,JGB037,27.882,0.025313
2026-02-20,JGB038,28.476,0.025802
2026-02-20,JGB039,29.437,0.024317
2026-02-23,JGB000,1.346,0.014253
2026-02-23,JGB001,2.577,0.016879
2026-02-23,JGB002,2.952,0.018505
2026-02-23,JGB003,4.293,0.019552
2026-02-23,JGB004,4.298,0.020204
2026-02-23,JGB005,4.328,0.020515
2026-02-23,JGB006,4.57,0.019616
2026-02-23,JGB007,4.857,0.020478
2026-02-23,JGB008,4.864,0.020083
2026-02-23,JGB009,6.465,0.021859
2026-02-23,JGB010,6.533,0.022527
2026-02-23,JGB011,6.906,0.02281
2026-02-23,JGB012,7.441,0.021591
2026-02-23,JGB013,8.622,0.022559
2026-02-23,JGB014,8.676,0.02315
2026-02-23,JGB015,10.922,0.023926
2026-02-23,JGB016,11.385,0.023569
2026-02-23,JGB017,13.183,0.023374
2026-02-23,JGB018,14.279,0.023851
2026-02-23,JGB019,14.767,0.023786
2026-02-23,JGB020,15.229,0.023738
2026-02-23,JGB021,15.586,0.023507
2026-02-23,JGB022,15.615,0.023976
2026-02-23,JGB023,16.698,0.024015
2026-02-23,JGB024,16.835,0.023814
2026-02-23,JGB025,17.952,0.023889
2026-02-23,JGB026,18.244,0.023296
2026-02-23,JGB027,18.846,0.02369
2026-02-23,JGB028,20.054,0.024521
2026-02-23,JGB029,20.276,0.023917
2026-02-23,JGB030,20.364,0.023366
2026-02-23,JGB031,23.747,0.024599
2026-02-23,JGB032,24.165,0.024319
2026-02-23,JGB033,24.594,0.024875
2026-02-23,JGB034,26.086,0.024145
2026-02-23,JGB035,26.93,0.023902
2026-02-23,JGB036,27.092,0.023511
2026-02-23,JGB037,27.882,0.024632
2026-02-23,JGB038,28.476,0.025196
2026-02-23,JGB039,29.437,0.023739
2026-02-24,JGB000,1.346,0.013871
2026-02-24,JGB001,2.577,0.016395
2026-02-24,JGB002,2.952,0.017984
2026-02-24,JGB003,4.293,0.019015
2026-02-24,JGB004,4.298,0.019724
2026-02-24,JGB005,4.328,0.020045
2026-02-24,JGB006,4.57,0.019166
2026-02-24,JGB007,4.857,0.019923
2026-02-24,JGB008,4.864,0.019721
2026-02-24,JGB009,6.465,0.021382
2026-02-24,JGB010,6.533,0.021958
2026-02-24,JGB011,6.906,0.02232
2026-02-24,JGB012,7.441,0.021111
2026-02-24,JGB013,8.622,0.022139
2026-02-24,JGB014,8.676,0.022592
2026-02-24,JGB015,10.922,0.0235
2026-02-24,JGB016,11.385,0.023057
2026-02-24,JGB017,13.183,0.022925
2026-02-24,JGB018,14.279,0.023355
2026-02-24,JGB019,14.767,0.023193
2026-02-24,JGB020,15.229,0.023251
2026-02-24,JGB021,15.586,0.023002
2026-02-24,JGB022,15.615,0.023502
2026-02-24,JGB023,16.698,0.023502
2026-02-24,JGB024,16.835,0.023355
2026-02-24,JGB025,17.952,0.023343
2026-02-24,JGB026,18.244,0.022876
2026-02-24,JGB027,18.846,0.023187
2026-02-24,JGB028,20.054,0.024024
2026-02-24,JGB029,20.276,0.023415
2026-02-24,JGB030,20.364,0.022939
2026-02-24,JGB031,23.747,0.024083
2026-02-24,JGB032,24.165,0.02369
2026-02-24,JGB033,24.594,0.024365
2026-02-24,JGB034,26.086,0.023703
2026-02-24,JGB035,26.93,0.023395
2026-02-24,JGB036,27.092,0.023023
2026-02-24,JGB037,27.882,0.024088
2026-02-24,JGB038,28.476,0.02464
2026-02-24,JGB039,29.437,0.023302
2026-02-25,JGB000,1.346,0.013486
2026-02-25,JGB001,2.577,0.016076
2026-02-25,JGB002,2.952,0.017686
2026-02-25,JGB003,4.293,0.018637
2026-02-25,JGB004,4.298,0.019391
2026-02-25,JGB005,4.328,0.019697
2026-02-25,JGB006,4.57,0.018898
2026-02-25,JGB007,4.857,0.019633
2026-02-25,JGB008,4.864,0.019234
2026-02-25,JGB009,6.465,0.02105
2026-02-25,JGB010,6.533,0.021683
2026-02-25,JGB011,6.906,0.021991
2026-02-25,JGB012,7.441,0.020702
2026-02-25,JGB013,8.622,0.021665
2026-02-25,JGB014,8.676,0.022273
2026-02-25,JGB015,10.922,0.023064
2026-02-25,JGB016,11.385,0.022796
2026-02-25,JGB017,13.183,0.022485
2026-02-25,JGB018,14.279,0.022922
2026-02-25,JGB019,14.767,0.022895
2026-02-25,JGB020,15.229,0.022952
2026-02-25,JGB021,15.586,0.022628
2026-02-25,JGB022,15.615,0.023057
2026-02-25,JGB023,16.698,0.023172
2026-02-25,JGB024,16.835,0.023058
2026-02-25,JGB025,17.952,0.023038
2026-02-25,JGB026,18.244,0.022556
2026-02-25,JGB027,18.846,0.022922
2026-02-25,JGB028,20.054,0.023642
2026-02-25,JGB029,20.276,0.023132
2026-02-25,JGB030,20.364,0.022683
2026-02-25,JGB031,23.747,0.023752
2026-02-25,JGB032,24.165,0.023507
2026-02-25,JGB033,24.594,0.024063
2026-02-25,JGB034,26.086,0.023314
2026-02-25,JGB035,26.93,0.023039
2026-02-25,JGB036,27.092,0.022655
2026-02-25,JGB037,27.882,0.023833
2026-02-25,JGB038,28.476,0.024272
2026-02-25,JGB039,29.437,0.023016
2026-02-26,JGB000,1.346,0.012883
2026-02-26,JGB001,2.577,0.015493
2026-02-26,JGB002,2.952,0.017088
2026-02-26,JGB003,4.293,0.018034
2026-02-26,JGB004,4.298,0.018819
2026-02-26,JGB005,4.328,0.019249
2026-02-26,JGB006,4.57,0.018141
2026-02-26,JGB007,4.857,0.019027
2026-02-26,JGB008,4.864,0.018607
2026-02-26,JGB009,6.465,0.020427
2026-02-26,JGB010,6.533,0.021035
2026-02-26,JGB011,6.906,0.021388
2026-02-26,JGB012,7.441,0.020168
2026-02-26,JGB013,8.622,0.021166
2026-02-26,JGB014,8.676,0.021531
2026-02-26,JGB015,10.922,0.022523
2026-02-26,JGB016,11.385,0.022144
2026-02-26,JGB017,13.183,0.021828
2026-02-26,JGB018,14.279,0.022414
2026-02-26,JGB019,14.767,0.022314
2026-02-26,JGB020,15.229,0.022236
2026-02-26,JGB021,15.586,0.022122
2026-02-26,JGB022,15.615,0.022447
2026-02-26,JGB023,16.698,0.022569
2026-02-26,JGB024,16.835,0.022371
2026-02-26,JGB025,17.952,0.022324
2026-02-26,JGB026,18.244,0.021954
2026-02-26,JGB027,18.846,0.022286
2026-02-26,JGB028,20.054,0.023057
2026-02-26,JGB029,20.276,0.022388
2026-02-26,JGB030,20.364,0.021955
2026-02-26,JGB031,23.747,0.023124
2026-02-26,JGB032,24.165,0.022911
2026-02-26,JGB033,24.594,0.023414
2026-02-26,JGB034,26.086,0.022727
2026-02-26,JGB035,26.93,0.022388
2026-02-26,JGB036,27.092,0.022101
2026-02-26,JGB037,27.882,0.023195
2026-02-26,JGB038,28.476,0.023726
2026-02-26,JGB039,29.437,0.022326
2026-02-27,JGB000,1.346,0.01108
2026-02-27,JGB001,2.577,0.013841
2026-02-27,JGB002,2.952,0.015393
2026-02-27,JGB003,4.293,0.016262
2026-02-27,JGB004,4.298,0.017088
2026-02-27,JGB005,4.328,0.017334
2026-02-27,JGB006,4.57,0.016441
2026-02-27,JGB007,4.857,0.017229
2026-02-27,JGB008,4.864,0.016953
2026-02-27,JGB009,6.465,0.018848
2026-02-27,JGB010,6.533,0.01925
2026-02-27,JGB011,6.906,0.019724
2026-02-27,JGB012,7.441,0.018499
2026-02-27,JGB013,8.622,0.019487
2026-02-27,JGB014,8.676,0.019789
2026-02-27,JGB015,10.922,0.020796
2026-02-27,JGB016,11.385,0.020431
2026-02-27,JGB017,13.183,0.020079
2026-02-27,JGB018,14.279,0.020685
2026-02-27,JGB019,14.767,0.020584
2026-02-27,JGB020,15.229,0.020566
2026-02-27,JGB021,15.586,0.02031
2026-02-27,JGB022,15.615,0.02081
2026-02-27,JGB023,16.698,0.020783
2026-02-27,JGB024,16.835,0.02069
2026-02-27,JGB025,17.952,0.020662
2026-02-27,JGB026,18.244,0.020221
2026-02-27,JGB027,18.846,0.02051
2026-02-27,JGB028,20.054,0.021376
2026-02-27,JGB029,20.276,0.020796
2026-02-27,JGB030,20.364,0.020286
2026-02-27,JGB031,23.747,0.021391
2026-02-27,JGB032,24.165,0.021092
2026-02-27,JGB033,24.594,0.021831
2026-02-27,JGB034,26.086,0.020989
2026-02-27,JGB035,26.93,0.02071
2026-02-27,JGB036,27.092,0.020363
2026-02-27,JGB037,27.882,0.021487
2026-02-27,JGB038,28.476,0.021975
2026-02-27,JGB039,29.437,0.020592
2026-03-02,JGB000,1.346,0.01205
2026-03-02,JGB001,2.577,0.014628
2026-03-02,JGB002,2.952,0.016167
2026-03-02,JGB003,4.293,0.017139
2026-03-02,JGB004,4.298,0.017906
2026-03-02,JGB005,4.328,0.018278
2026-03-02,JGB006,4.57,0.017323
2026-03-02,JGB007,4.857,0.018209
2026-03-02,JGB008,4.864,0.017765
2026-03-02,JGB009,6.465,0.019577
2026-03-02,JGB010,6.533,0.020023
2026-03-02,JGB011,6.906,0.020515
2026-03-02,JGB012,7.441,0.01924
2026-03-02,JGB013,8.622,0.020238
2026-03-02,JGB014,8.676,0.02079
2026-03-02,JGB015,10.922,0.021722
2026-03-02,JGB016,11.385,0.021263
2026-03-02,JGB017,13.183,0.02096
2026-03-02,JGB018,14.279,0.021647
2026-03-02,JGB019,14.767,0.021454
2026-03-02,JGB020,15.229,0.021382
2026-03-02,JGB021,15.586,0.02119
2026-03-02,JGB022,15.615,0.021587
2026-03-02,JGB023,16.698,0.02171
2026-03-02,JGB024,16.835,0.021544
2026-03-02,JGB025,17.952,0.021599
2026-03-02,JGB026,18.244,0.02116
2026-03-02,JGB027,18.846,0.021489
2026-03-02,JGB028,20.054,0.022221
2026-03-02,JGB029,20.276,0.021591
2026-03-02,JGB030,20.364,0.021085
2026-03-02,JGB031,23.747,0.022287
2026-03-02,JGB032,24.165,0.021912
2026-03-02,JGB033,24.594,0.022605
2026-03-02,JGB034,26.086,0.0218
2026-03-02,JGB035,26.93,0.021652
2026-03-02,JGB036,27.092,0.021226
2026-03-02,JGB037,27.882,0.02225
2026-03-02,JGB038,28.476,0.022852
2026-03-02,JGB039,29.437,0.021575
2026-03-03,JGB000,1.346,0.010386
2026-03-03,JGB001,2.577,0.013042
2026-03-03,JGB002,2.952,0.014583
2026-03-03,JGB003,4.293,0.015544
2026-03-03,JGB004,4.298,0.016312
2026-03-03,JGB005,4.328,0.016572
2026-03-03,JGB006,4.57,0.01576
2026-03-03,JGB007,4.857,0.016577
2026-03-03,JGB008,4.864,0.016097
2026-03-03,JGB009,6.465,0.018019
2026-03-03,JGB010,6.533,0.01862
2026-03-03,JGB011,6.906,0.018968
2026-03-03,JGB012,7.441,0.017739
2026-03-03,JGB013,8.622,0.018681
2026-03-03,JGB014,8.676,0.019165
2026-03-03,JGB015,10.922,0.020105
2026-03-03,JGB016,11.385,0.019686
2026-03-03,JGB017,13.183,0.019371
2026-03-03,JGB018,14.279,0.019959
2026-03-03,JGB019,14.767,0.019885
2026-03-03,JGB020,15.229,0.019839
2026-03-03,JGB021,15.586,0.019575
2026-03-03,JGB022,15.615,0.020081
2026-03-03,JGB023,16.698,0.02015
2026-03-03,JGB024,16.835,0.01994
2026-03-03,JGB025,17.952,0.019982
2026-03-03,JGB026,18.244,0.019573
2026-03-03,JGB027,18.846,0.019847
2026-03-03,JGB028,20.054,0.020595
2026-03-03,JGB029,20.276,0.019994
2026-03-03,JGB030,20.364,0.019564
2026-03-03,JGB031,23.747,0.020688
2026-03-03,JGB032,24.165,0.02035
2026-03-03,JGB033,24.594,0.021015
2026-03-03,JGB034,26.086,0.020217
2026-03-03,JGB035,26.93,0.020041
2026-03-03,JGB036,27.092,0.019653
2026-03-03,JGB037,27.882,0.02069
2026-03-03,JGB038,28.476,0.021221
2026-03-03,JGB039,29.437,0.019926
2026-03-04,JGB000,1.346,0.010745
2026-03-04,JGB001,2.577,0.013491
2026-03-04,JGB002,2.952,0.015022
2026-03-04,JGB003,4.293,0.015885
2026-03-04,JGB004,4.298,0.016663
2026-03-04,JGB005,4.328,0.017023
2026-03-04,JGB006,4.57,0.016081
2026-03-04,JGB007,4.857,0.016787
2026-03-04,JGB008,4.864,0.016483
2026-03-04,JGB009,6.465,0.018338
2026-03-04,JGB010,6.533,0.01899
2026-03-04,JGB011,6.906,0.019202
2026-03-04,JGB012,7.441,0.018112
2026-03-04,JGB013,8.622,0.018958
2026-03-04,JGB014,8.676,0.019541
2026-03-04,JGB015,10.922,0.020359
2026-03-04,JGB016,11.385,0.019993
2026-03-04,JGB017,13.183,0.019795
2026-03-04,JGB018,14.279,0.020255
2026-03-04,JGB019,14.767,0.020213
2026-03-04,JGB020,15.229,0.020112
2026-03-04,JGB021,15.586,0.019904
2026-03-04,JGB022,15.615,0.020364
2026-03-04,JGB023,16.698,0.020374
2026-03-04,JGB024,16.835,0.02024
2026-03-04,JGB025,17.952,0.020308
2026-03-04,JGB026,18.244,0.019767
2026-03-04,JGB027,18.846,0.020083
2026-03-04,JGB028,20.054,0.020878
2026-03-04,JGB029,20.276,0.020411
2026-03-04,JGB030,20.364,0.019881
2026-03-04,JGB031,23.747,0.021077
2026-03-04,JGB032,24.165,0.020758
2026-03-04,JGB033,24.594,0.021297
2026-03-04,JGB034,26.086,0.020544
2026-03-04,JGB035,26.93,0.020206
2026-03-04,JGB036,27.092,0.019917
2026-03-04,JGB037,27.882,0.021096
2026-03-04,JGB038,28.476,0.021493
2026-03-04,JGB039,29.437,0.020123
2026-03-05,JGB000,1.346,0.009674
2026-03-05,JGB001,2.577,0.01234
2026-03-05,JGB002,2.952,0.014018
2026-03-05,JGB003,4.293,0.014883
2026-03-05,JGB004,4.298,0.015474
2026-03-05,JGB005,4.328,0.015762
2026-03-05,JGB006,4.57,0.014993
2026-03-05,JGB007,4.857,0.01585
2026-03-05,JGB008,4.864,0.01532
2026-03-05,JGB009,6.465,0.017232
2026-03-05,JGB010,6.533,0.017784
2026-03-05,JGB011,6.906,0.018219
2026-03-05,JGB012,7.441,0.016949
2026-03-05,JGB013,8.622,0.017915
2026-03-05,JGB014,8.676,0.01847
2026-03-05,JGB015,10.922,0.0193
2026-03-05,JGB016,11.385,0.018945
2026-03-05,JGB017,13.183,0.018761
2026-03-05,JGB018,14.279,0.019122
2026-03-05,JGB019,14.767,0.019031
2026-03-05,JGB020,15.229,0.019065
2026-03-05,JGB021,15.586,0.01894
2026-03-05,JGB022,15.615,0.019307
2026-03-05,JGB023,16.698,0.019377
2026-03-05,JGB024,16.835,0.019154
2026-03-05,JGB025,17.952,0.019209
2026-03-05,JGB026,18.244,0.018718
2026-03-05,JGB027,18.846,0.019124
2026-03-05,JGB028,20.054,0.019823
2026-03-05,JGB029,20.276,0.01927
2026-03-05,JGB030,20.364,0.018821
2026-03-05,JGB031,23.747,0.019988
2026-03-05,JGB032,24.165,0.019589
2026-03-05,JGB033,24.594,0.020302
2026-03-05,JGB034,26.086,0.019377
2026-03-05,JGB035,26.93,0.019313
2026-03-05,JGB036,27.092,0.019009
2026-03-05,JGB037,27.882,0.020017
2026-03-05,JGB038,28.476,0.020521
2026-03-05,JGB039,29.437,0.019153
2026-03-06,JGB000,1.346,0.010357
2026-03-06,JGB001,2.577,0.013031
2026-03-06,JGB002,2.952,0.014591
2026-03-06,JGB003,4.293,0.015506
2026-03-06,JGB004,4.298,0.016272
2026-03-06,JGB005,4.328,0.016591
2026-03-06,JGB006,4.57,0.015614
2026-03-06,JGB007,4.857,0.016617
2026-03-06,JGB008,4.864,0.016124
2026-03-06,JGB009,6.465,0.017889
2026-03-06,JGB010,6.533,0.018576
2026-03-06,JGB011,6.906,0.018931
2026-03-06,JGB012,7.441,0.017684
2026-03-06,JGB013,8.622,0.01864
2026-03-06,JGB014,8.676,0.019088
2026-03-06,JGB015,10.922,0.019865
2026-03-06,JGB016,11.385,0.019618
2026-03-06,JGB017,13.183,0.019389
2026-03-06,JGB018,14.279,0.019939
2026-03-06,JGB019,14.767,0.01976
2026-03-06,JGB020,15.229,0.019741
2026-03-06,JGB021,15.586,0.019583
2026-03-06,JGB022,15.615,0.019998
2026-03-06,JGB023,16.698,0.020025
2026-03-06,JGB024,16.835,0.019897
2026-03-06,JGB025,17.952,0.019828
2026-03-06,JGB026,18.244,0.019543
2026-03-06,JGB027,18.846,0.019758
2026-03-06,JGB028,20.054,0.020519
2026-03-06,JGB029,20.276,0.019948
2026-03-06,JGB030,20.364,0.019431
2026-03-06,JGB031,23.747,0.020675
2026-03-06,JGB032,24.165,0.020384
2026-03-06,JGB033,24.594,0.021044
2026-03-06,JGB034,26.086,0.020204
2026-03-06,JGB035,26.93,0.019954
2026-03-06,JGB036,27.092,0.019628
2026-03-06,JGB037,27.882,0.020631
2026-03-06,JGB038,28.476,0.021211
2026-03-06,JGB039,29.437,0.019889
2026-03-09,JGB000,1.346,0.01082
2026-03-09,JGB001,2.577,0.01342
2026-03-09,JGB002,2.952,0.015185
2026-03-09,JGB003,4.293,0.015999
2026-03-09,JGB004,4.298,0.01668
2026-03-09,JGB005,4.328,0.017029
2026-03-09,JGB006,4.57,0.016199
2026-03-09,JGB007,4.857,0.017069
2026-03-09,JGB008,4.864,0.016613
2026-03-09,JGB009,6.465,0.01853
2026-03-09,JGB010,6.533,0.01903
2026-03-09,JGB011,6.906,0.019452
2026-03-09,JGB012,7.441,0.018219
2026-03-09,JGB013,8.622,0.019082
2026-03-09,JGB014,8.676,0.019644
2026-03-09,JGB015,10.922,0.020488
2026-03-09,JGB016,11.385,0.020087
2026-03-09,JGB017,13.183,0.019905
2026-03-09,JGB018,14.279,0.020343
2026-03-09,JGB019,14.767,0.020297
2026-03-09,JGB020,15.229,0.02021
2026-03-09,JGB021,15.586,0.020053
2026-03-09,JGB022,15.615,0.020482
2026-03-09,JGB023,16.698,0.020587
2026-03-09,JGB024,16.835,0.020383
2026-03-09,JGB025,17.952,0.020377
2026-03-09,JGB026,18.244,0.020041
2026-03-09,JGB027,18.846,0.020154
2026-03-09,JGB028,20.054,0.020956
2026-03-09,JGB029,20.276,0.020321
2026-03-09,JGB030,20.364,0.01996
2026-03-09,JGB031,23.747,0.021164
2026-03-09,JGB032,24.165,0.020859
2026-03-09,JGB033,24.594,0.021478
2026-03-09,JGB034,26.086,0.020625
2026-03-09,JGB035,26.93,0.020558
2026-03-09,JGB036,27.092,0.020093
2026-03-09,JGB037,27.882,0.021184
2026-03-09,JGB038,28.476,0.021646
2026-03-09,JGB039,29.437,0.020377
2026-03-10,JGB000,1.346,0.010431
2026-03-10,JGB001,2.577,0.013081
2026-03-10,JGB002,2.952,0.014689
2026-03-10,JGB003,4.293,0.01556
2026-03-10,JGB004,4.298,0.016401
2026-03-10,JGB005,4.328,0.016617
2026-03-10,JGB006,4.57,0.015718
2026-03-10,JGB007,4.857,0.016601
2026-03-10,JGB008,4.864,0.016196
2026-03-10,JGB009,6.465,0.01805
2026-03-10,JGB010,6.533,0.018574
2026-03-10,JGB011,6.906,0.019007
2026-03-10,JGB012,7.441,0.017717
2026-03-10,JGB013,8.622,0.018594
2026-03-10,JGB014,8.676,0.019242
2026-03-10,JGB015,10.922,0.020033
2026-03-10,JGB016,11.385,0.019683
2026-03-10,JGB017,13.183,0.019485
2026-03-10,JGB018,14.279,0.019962
2026-03-10,JGB019,14.767,0.020007
2026-03-10,JGB020,15.229,0.019756
2026-03-10,JGB021,15.586,0.019597
2026-03-10,JGB022,15.615,0.02009
2026-03-10,JGB023,16.698,0.020177
2026-03-10,JGB024,16.835,0.019943
2026-03-10,JGB025,17.952,0.019878
2026-03-10,JGB026,18.244,0.019593
2026-03-10,JGB027,18.846,0.01983
2026-03-10,JGB028,20.054,0.020579
2026-03-10,JGB029,20.276,0.02008
2026-03-10,JGB030,20.364,0.019504
2026-03-10,JGB031,23.747,0.020697
2026-03-10,JGB032,24.165,0.020429
2026-03-10,JGB033,24.594,0.021033
2026-03-10,JGB034,26.086,0.020261
2026-03-10,JGB035,26.93,0.020001
2026-03-10,JGB036,27.092,0.01965
2026-03-10,JGB037,27.882,0.02072
2026-03-10,JGB038,28.476,0.021202
2026-03-10,JGB039,29.437,0.020022
2026-03-11,JGB000,1.346,0.010815
2026-03-11,JGB001,2.577,0.013339
2026-03-11,JGB002,2.952,0.014993
2026-03-11,JGB003,4.293,0.015907
2026-03-11,JGB004,4.298,0.016584
2026-03-11,JGB005,4.328,0.017011
2026-03-11,JGB006,4.57,0.016055
2026-03-11,JGB007,4.857,0.016892
2026-03-11,JGB008,4.864,0.01643
2026-03-11,JGB009,6.465,0.018413
2026-03-11,JGB010,6.533,0.018949
2026-03-11,JGB011,6.906,0.019342
2026-03-11,JGB012,7.441,0.018017
2026-03-11,JGB013,8.622,0.018967
2026-03-11,JGB014,8.676,0.019583
2026-03-11,JGB015,10.922,0.020387
2026-03-11,JGB016,11.385,0.020025
2026-03-11,JGB017,13.183,0.019773
2026-03-11,JGB018,14.279,0.020222
2026-03-11,JGB019,14.767,0.020263
2026-03-11,JGB020,15.229,0.020044
2026-03-11,JGB021,15.586,0.019963
2026-03-11,JGB022,15.615,0.020398
2026-03-11,JGB023,16.698,0.020346
2026-03-11,JGB024,16.835,0.02029
2026-03-11,JGB025,17.952,0.020293
2026-03-11,JGB026,18.244,0.019855
2026-03-11,JGB027,18.846,0.020152
2026-03-11,JGB028,20.054,0.020929
2026-03-11,JGB029,20.276,0.020409
2026-03-11,JGB030,20.364,0.019867
2026-03-11,JGB031,23.747,0.021123
2026-03-11,JGB032,24.165,0.020765
2026-03-11,JGB033,24.594,0.021399
2026-03-11,JGB034,26.086,0.020634
2026-03-11,JGB035,26.93,0.020333
2026-03-11,JGB036,27.092,0.019948
2026-03-11,JGB037,27.882,0.021118
2026-03-11,JGB038,28.476,0.021624
2026-03-11,JGB039,29.437,0.020328
2026-03-12,JGB000,1.346,0.011641
2026-03-12,JGB001,2.577,0.014261
2026-03-12,JGB002,2.952,0.015844
2026-03-12,JGB003,4.293,0.016762
2026-03-12,JGB004,4.298,0.017496
2026-03-12,JGB005,4.328,0.017892
2026-03-12,JGB006,4.57,0.01693
2026-03-12,JGB007,4.857,0.017748
2026-03-12,JGB008,4.864,0.017378
2026-03-12,JGB009,6.465,0.019201
2026-03-12,JGB010,6.533,0.019764
2026-03-12,JGB011,6.906,0.020077
2026-03-12,JGB012,7.441,0.018945
2026-03-12,JGB013,8.622,0.019843
2026-03-12,JGB014,8.676,0.020396
2026-03-12,JGB015,10.922,0.021284
2026-03-12,JGB016,11.385,0.020784
2026-03-12,JGB017,13.183,0.020751
2026-03-12,JGB018,14.279,0.021151
2026-03-12,JGB019,14.767,0.021061
2026-03-12,JGB020,15.229,0.02092
2026-03-12,JGB021,15.586,0.020849
2026-03-12,JGB022,15.615,0.02129
2026-03-12,JGB023,16.698,0.021276
2026-03-12,JGB024,16.835,0.021153
2026-03-12,JGB025,17.952,0.021199
2026-03-12,JGB026,18.244,0.020705
2026-03-12,JGB027,18.846,0.021017
2026-03-12,JGB028,20.054,0.021842
2026-03-12,JGB029,20.276,0.021236
2026-03-12,JGB030,20.364,0.020716
2026-03-12,JGB031,23.747,0.022022
2026-03-12,JGB032,24.165,0.0216
2026-03-12,JGB033,24.594,0.022222
2026-03-12,JGB034,26.086,0.021448
2026-03-12,JGB035,26.93,0.021216
2026-03-12,JGB036,27.092,0.020855
2026-03-12,JGB037,27.882,0.02197
2026-03-12,JGB038,28.476,0.022435
2026-03-12,JGB039,29.437,0.021109
2026-03-13,JGB000,1.346,0.011945
2026-03-13,JGB001,2.577,0.014573
2026-03-13,JGB002,2.952,0.01619
2026-03-13,JGB003,4.293,0.017086
2026-03-13,JGB004,4.298,0.017837
2026-03-13,JGB005,4.328,0.018121
2026-03-13,JGB006,4.57,0.017233
2026-03-13,JGB007,4.857,0.01811
2026-03-13,JGB008,4.864,0.017563
2026-03-13,JGB009,6.465,0.019537
2026-03-13,JGB010,6.533,0.020225
2026-03-13,JGB011,6.906,0.020384
2026-03-13,JGB012,7.441,0.019293
2026-03-13,JGB013,8.622,0.020061
2026-03-13,JGB014,8.676,0.020695
2026-03-13,JGB015,10.922,0.021637
2026-03-13,JGB016,11.385,0.02124
2026-03-13,JGB017,13.183,0.020874
2026-03-13,JGB018,14.279,0.021366
2026-03-13,JGB019,14.767,0.021268
2026-03-13,JGB020,15.229,0.021332
2026-03-13,JGB021,15.586,0.021085
2026-03-13,JGB022,15.615,0.021555
2026-03-13,JGB023,16.698,0.021592
2026-03-13,JGB024,16.835,0.021446
2026-03-13,JGB025,17.952,0.021446
2026-03-13,JGB026,18.244,0.021011
2026-03-13,JGB027,18.846,0.021265
2026-03-13,JGB028,20.054,0.022131
2026-03-13,JGB029,20.276,0.021368
2026-03-13,JGB030,20.364,0.021069
2026-03-13,JGB031,23.747,0.022159
2026-03-13,JGB032,24.165,0.021864
2026-03-13,JGB033,24.594,0.022486
2026-03-13,JGB034,26.086,0.021697
2026-03-13,JGB035,26.93,0.021516
2026-03-13,JGB036,27.092,0.021111
2026-03-13,JGB037,27.882,0.022189
2026-03-13,JGB038,28.476,0.022791
2026-03-13,JGB039,29.437,0.021374
2026-03-16,JGB000,1.346,0.012938
2026-03-16,JGB001,2.577,0.015528
2026-03-16,JGB002,2.952,0.017192
2026-03-16,JGB003,4.293,0.018138
2026-03-16,JGB004,4.298,0.018785
2026-03-16,JGB005,4.328,0.019145
2026-03-16,JGB006,4.57,0.018338
2026-03-16,JGB007,4.857,0.019028
2026-03-16,JGB008,4.864,0.018639
2026-03-16,JGB009,6.465,0.020547
2026-03-16,JGB010,6.533,0.021026
2026-03-16,JGB011,6.906,0.021375
2026-03-16,JGB012,7.441,0.020155
2026-03-16,JGB013,8.622,0.021188
2026-03-16,JGB014,8.676,0.021731
2026-03-16,JGB015,10.922,0.022607
2026-03-16,JGB016,11.385,0.022207
2026-03-16,JGB017,13.183,0.02188
2026-03-16,JGB018,14.279,0.022487
2026-03-16,JGB019,14.767,0.02242
2026-03-16,JGB020,15.229,0.022284
2026-03-16,JGB021,15.586,0.022175
2026-03-16,JGB022,15.615,0.02256
2026-03-16,JGB023,16.698,0.022612
2026-03-16,JGB024,16.835,0.022467
2026-03-16,JGB025,17.952,0.022369
2026-03-16,JGB026,18.244,0.022102
2026-03-16,JGB027,18.846,0.022326
2026-03-16,JGB028,20.054,0.023077
2026-03-16,JGB029,20.276,0.022504
2026-03-16,JGB030,20.364,0.022054
2026-03-16,JGB031,23.747,0.023235
2026-03-16,JGB032,24.165,0.022899
2026-03-16,JGB033,24.594,0.023607
2026-03-16,JGB034,26.086,0.022755
2026-03-16,JGB035,26.93,0.022522
2026-03-16,JGB036,27.092,0.022006
2026-03-16,JGB037,27.882,0.023254
2026-03-16,JGB038,28.476,0.023759
2026-03-16,JGB039,29.437,0.022385
2026-03-17,JGB000,1.346,0.012218
2026-03-17,JGB001,2.577,0.014859
2026-03-17,JGB002,2.952,0.016508
2026-03-17,JGB003,4.293,0.017394
2026-03-17,JGB004,4.298,0.018039
2026-03-17,JGB005,4.328,0.018416
2026-03-17,JGB006,4.57,0.017441
2026-03-17,JGB007,4.857,0.018358
2026-03-17,JGB008,4.864,0.017943
2026-03-17,JGB009,6.465,0.019751
2026-03-17,JGB010,6.533,0.020325
2026-03-17,JGB011,6.906,0.020728
2026-03-17,JGB012,7.441,0.01945
2026-03-17,JGB013,8.622,0.020479
2026-03-17,JGB014,8.676,0.021096
2026-03-17,JGB015,10.922,0.021862
2026-03-17,JGB016,11.385,0.021484
2026-03-17,JGB017,13.183,0.021193
2026-03-17,JGB018,14.279,0.021679
2026-03-17,JGB019,14.767,0.021716
2026-03-17,JGB020,15.229,0.021544
2026-03-17,JGB021,15.586,0.021391
2026-03-17,JGB022,15.615,0.021816
2026-03-17,JGB023,16.698,0.021875
2026-03-17,JGB024,16.835,0.02169
2026-03-17,JGB025,17.952,0.021716
2026-03-17,JGB026,18.244,0.021209
2026-03-17,JGB027,18.846,0.021607
2026-03-17,JGB028,20.054,0.022394
2026-03-17,JGB029,20.276,0.021721
2026-03-17,JGB030,20.364,0.021241
2026-03-17,JGB031,23.747,0.022525
2026-03-17,JGB032,24.165,0.022162
2026-03-17,JGB033,24.594,0.022833
2026-03-17,JGB034,26.086,0.021872
2026-03-17,JGB035,26.93,0.021792
2026-03-17,JGB036,27.092,0.021329
2026-03-17,JGB037,27.882,0.022442
2026-03-17,JGB038,28.476,0.023037
2026-03-17,JGB039,29.437,0.02173
2026-03-18,JGB000,1.346,0.010882
2026-03-18,JGB001,2.577,0.013526
2026-03-18,JGB002,2.952,0.015156
2026-03-18,JGB003,4.293,0.016019
2026-03-18,JGB004,4.298,0.016936
2026-03-18,JGB005,4.328,0.017181
2026-03-18,JGB006,4.57,0.01624
2026-03-18,JGB007,4.857,0.017044
2026-03-18,JGB008,4.864,0.01679
2026-03-18,JGB009,6.465,0.018643
2026-03-18,JGB010,6.533,0.019054
2026-03-18,JGB011,6.906,0.019507
2026-03-18,JGB012,7.441,0.018293
2026-03-18,JGB013,8.622,0.019102
2026-03-18,JGB014,8.676,0.01966
2026-03-18,JGB015,10.922,0.020637
2026-03-18,JGB016,11.385,0.020145
2026-03-18,JGB017,13.183,0.019912
2026-03-18,JGB018,14.279,0.020378
2026-03-18,JGB019,14.767,0.020316
2026-03-18,JGB020,15.229,0.020345
2026-03-18,JGB021,15.586,0.020078
2026-03-18,JGB022,15.615,0.020504
2026-03-18,JGB023,16.698,0.020562
2026-03-18,JGB024,16.835,0.020529
2026-03-18,JGB025,17.952,0.020443
2026-03-18,JGB026,18.244,0.019992
2026-03-18,JGB027,18.846,0.020368
2026-03-18,JGB028,20.054,0.021095
2026-03-18,JGB029,20.276,0.020526
2026-03-18,JGB030,20.364,0.019931
2026-03-18,JGB031,23.747,0.021219
2026-03-18,JGB032,24.165,0.020878
2026-03-18,JGB033,24.594,0.021569
2026-03-18,JGB034,26.086,0.020663
2026-03-18,JGB035,26.93,0.020585
2026-03-18,JGB036,27.092,0.020115
2026-03-18,JGB037,27.882,0.021173
2026-03-18,JGB038,28.476,0.021831
2026-03-18,JGB039,29.437,0.020392
2026-03-19,JGB000,1.346,0.011174
2026-03-19,JGB001,2.577,0.013855
2026-03-19,JGB002,2.952,0.015462
2026-03-19,JGB003,4.293,0.016386
2026-03-19,JGB004,4.298,0.017103
2026-03-19,JGB005,4.328,0.017315
2026-03-19,JGB006,4.57,0.016418
2026-03-19,JGB007,4.857,0.017325
2026-03-19,JGB008,4.864,0.01687
2026-03-19,JGB009,6.465,0.018798
2026-03-19,JGB010,6.533,0.019332
2026-03-19,JGB011,6.906,0.019663
2026-03-19,JGB012,7.441,0.018422
2026-03-19,JGB013,8.622,0.019349
2026-03-19,JGB014,8.676,0.019889
2026-03-19,JGB015,10.922,0.020803
2026-03-19,JGB016,11.385,0.020458
2026-03-19,JGB017,13.183,0.020245
2026-03-19,JGB018,14.279,0.020641
2026-03-19,JGB019,14.767,0.020571
2026-03-19,JGB020,15.229,0.020634
2026-03-19,JGB021,15.586,0.020409
2026-03-19,JGB022,15.615,0.020826
2026-03-19,JGB023,16.698,0.02072
2026-03-19,JGB024,16.835,0.020634
2026-03-19,JGB025,17.952,0.020687
2026-03-19,JGB026,18.244,0.020235
2026-03-19,JGB027,18.846,0.020706
2026-03-19,JGB028,20.054,0.021323
2026-03-19,JGB029,20.276,0.020779
2026-03-19,JGB030,20.364,0.020212
2026-03-19,JGB031,23.747,0.021396
2026-03-19,JGB032,24.165,0.021101
2026-03-19,JGB033,24.594,0.021741
2026-03-19,JGB034,26.086,0.020965
2026-03-19,JGB035,26.93,0.020796
2026-03-19,JGB036,27.092,0.020398
2026-03-19,JGB037,27.882,0.021555
2026-03-19,JGB038,28.476,0.021941
2026-03-19,JGB039,29.437,0.020675
2026-03-20,JGB000,1.346,0.011386
2026-03-20,JGB001,2.577,0.013913
2026-03-20,JGB002,2.952,0.015548
2026-03-20,JGB003,4.293,0.016413
2026-03-20,JGB004,4.298,0.017213
2026-03-20,JGB005,4.328,0.01754
2026-03-20,JGB006,4.57,0.016595
2026-03-20,JGB007,4.857,0.017417
2026-03-20,JGB008,4.864,0.017041
2026-03-20,JGB009,6.465,0.018929
2026-03-20,JGB010,6.533,0.01939
2026-03-20,JGB011,6.906,0.019903
2026-03-20,JGB012,7.441,0.018582
2026-03-20,JGB013,8.622,0.019626
2026-03-20,JGB014,8.676,0.020133
2026-03-20,JGB015,10.922,0.020917
2026-03-20,JGB016,11.385,0.020517
2026-03-20,JGB017,13.183,0.020427
2026-03-20,JGB018,14.279,0.020846
2026-03-20,JGB019,14.767,0.020752
2026-03-20,JGB020,15.229,0.020659
2026-03-20,JGB021,15.586,0.020482
2026-03-20,JGB022,15.615,0.02098
2026-03-20,JGB023,16.698,0.020994
2026-03-20,JGB024,16.835,0.020768
2026-03-20,JGB025,17.952,0.020867
2026-03-20,JGB026,18.244,0.020405
2026-03-20,JGB027,18.846,0.020682
2026-03-20,JGB028,20.054,0.021493
2026-03-20,JGB029,20.276,0.020881
2026-03-20,JGB030,20.364,0.020432
2026-03-20,JGB031,23.747,0.021546
2026-03-20,JGB032,24.165,0.021277
2026-03-20,JGB033,24.594,0.021815
2026-03-20,JGB034,26.086,0.02112
2026-03-20,JGB035,26.93,0.020826
2026-03-20,JGB036,27.092,0.020519
2026-03-20,JGB037,27.882,0.021501
2026-03-20,JGB038,28.476,0.022131
2026-03-20,JGB039,29.437,0.020825
2026-03-23,JGB000,1.346,0.011688
2026-03-23,JGB001,2.577,0.014192
2026-03-23,JGB002,2.952,0.015932
2026-03-23,JGB003,4.293,0.016857
2026-03-23,JGB004,4.298,0.017453
2026-03-23,JGB005,4.328,0.017802
2026-03-23,JGB006,4.57,0.01692
2026-03-23,JGB007,4.857,0.01776
2026-03-23,JGB008,4.864,0.017374
2026-03-23,JGB009,6.465,0.019097
2026-03-23,JGB010,6.533,0.0198
2026-03-23,JGB011,6.906,0.020168
2026-03-23,JGB012,7.441,0.01887
2026-03-23,JGB013,8.622,0.0199
2026-03-23,JGB014,8.676,0.020363
2026-03-23,JGB015,10.922,0.021317
2026-03-23,JGB016,11.385,0.020897
2026-03-23,JGB017,13.183,0.020608
2026-03-23,JGB018,14.279,0.021195
2026-03-23,JGB019,14.767,0.021086
2026-03-23,JGB020,15.229,0.020976
2026-03-23,JGB021,15.586,0.020729
2026-03-23,JGB022,15.615,0.021233
2026-03-23,JGB023,16.698,0.021316
2026-03-23,JGB024,16.835,0.021119
2026-03-23,JGB025,17.952,0.021215
2026-03-23,JGB026,18.244,0.020724
2026-03-23,JGB027,18.846,0.021062
2026-03-23,JGB028,20.054,0.021785
2026-03-23,JGB029,20.276,0.021167
2026-03-23,JGB030,20.364,0.020708
2026-03-23,JGB031,23.747,0.021862
2026-03-23,JGB032,24.165,0.021462
2026-03-23,JGB033,24.594,0.022129
2026-03-23,JGB034,26.086,0.02146
2026-03-23,JGB035,26.93,0.021202
2026-03-23,JGB036,27.092,0.020826
2026-03-23,JGB037,27.882,0.021876
2026-03-23,JGB038,28.476,0.022426
2026-03-23,JGB039,29.437,0.02115
2026-03-24,JGB000,1.346,0.0116
2026-03-24,JGB001,2.577,0.014322
2026-03-24,JGB002,2.952,0.015849
2026-03-24,JGB003,4.293,0.016757
2026-03-24,JGB004,4.298,0.01757
2026-03-24,JGB005,4.328,0.017753
2026-03-24,JGB006,4.57,0.016975
2026-03-24,JGB007,4.857,0.017703
2026-03-24,JGB008,4.864,0.017324
2026-03-24,JGB009,6.465,0.019185
2026-03-24,JGB010,6.533,0.019775
2026-03-24,JGB011,6.906,0.020184
2026-03-24,JGB012,7.441,0.018935
2026-03-24,JGB013,8.622,0.019862
2026-03-24,JGB014,8.676,0.02045
2026-03-24,JGB015,10.922,0.021344
2026-03-24,JGB016,11.385,0.020905
2026-03-24,JGB017,13.183,0.020661
2026-03-24,JGB018,14.279,0.021116
2026-03-24,JGB019,14.767,0.020989
2026-03-24,JGB020,15.229,0.02103
2026-03-24,JGB021,15.586,0.020811
2026-03-24,JGB022,15.615,0.021303
2026-03-24,JGB023,16.698,0.021192
2026-03-24,JGB024,16.835,0.021265
2026-03-24,JGB025,17.952,0.02106
2026-03-24,JGB026,18.244,0.020712
2026-03-24,JGB027,18.846,0.0211
2026-03-24,JGB028,20.054,0.021694
2026-03-24,JGB029,20.276,0.021182
2026-03-24,JGB030,20.364,0.020611
2026-03-24,JGB031,23.747,0.021822
2026-03-24,JGB032,24.165,0.021482
2026-03-24,JGB033,24.594,0.022223
2026-03-24,JGB034,26.086,0.021437
2026-03-24,JGB035,26.93,0.021207
2026-03-24,JGB036,27.092,0.020895
2026-03-24,JGB037,27.882,0.02202
2026-03-24,JGB038,28.476,0.022454
2026-03-24,JGB039,29.437,0.021098
2026-03-25,JGB000,1.346,0.011306
2026-03-25,JGB001,2.577,0.014013
2026-03-25,JGB002,2.952,0.015566
2026-03-25,JGB003,4.293,0.01646
2026-03-25,JGB004,4.298,0.017203
2026-03-25,JGB005,4.328,0.017571
2026-03-25,JGB006,4.57,0.01663
2026-03-25,JGB007,4.857,0.017478
2026-03-25,JGB008,4.864,0.017064
2026-03-25,JGB009,6.465,0.018991
2026-03-25,JGB010,6.533,0.019529
2026-03-25,JGB011,6.906,0.01981
2026-03-25,JGB012,7.441,0.018614
2026-03-25,JGB013,8.622,0.01959
2026-03-25,JGB014,8.676,0.020059
2026-03-25,JGB015,10.922,0.021002
2026-03-25,JGB016,11.385,0.020589
2026-03-25,JGB017,13.183,0.020356
2026-03-25,JGB018,14.279,0.020834
2026-03-25,JGB019,14.767,0.020762
2026-03-25,JGB020,15.229,0.02073
2026-03-25,JGB021,15.586,0.020438
2026-03-25,JGB022,15.615,0.020916
2026-03-25,JGB023,16.698,0.020935
2026-03-25,JGB024,16.835,0.020918
2026-03-25,JGB025,17.952,0.020842
2026-03-25,JGB026,18.244,0.020432
2026-03-25,JGB027,18.846,0.020762
2026-03-25,JGB028,20.054,0.02144
2026-03-25,JGB029,20.276,0.020876
2026-03-25,JGB030,20.364,0.020458
2026-03-25,JGB031,23.747,0.021578
2026-03-25,JGB032,24.165,0.021362
2026-03-25,JGB033,24.594,0.02193
2026-03-25,JGB034,26.086,0.021129
2026-03-25,JGB035,26.93,0.020915
2026-03-25,JGB036,27.092,0.02053
2026-03-25,JGB037,27.882,0.021654
2026-03-25,JGB038,28.476,0.022234
2026-03-25,JGB039,29.437,0.02093
2026-03-26,JGB000,1.346,0.010349
2026-03-26,JGB001,2.577,0.01299
2026-03-26,JGB002,2.952,0.014516
2026-03-26,JGB003,4.293,0.015453
2026-03-26,JGB004,4.298,0.016199
2026-03-26,JGB005,4.328,0.01643
2026-03-26,JGB006,4.57,0.01569
2026-03-26,JGB007,4.857,0.016467
2026-03-26,JGB008,4.864,0.016069
2026-03-26,JGB009,6.465,0.017934
2026-03-26,JGB010,6.533,0.018491
2026-03-26,JGB011,6.906,0.019005
2026-03-26,JGB012,7.441,0.017639
2026-03-26,JGB013,8.622,0.018603
2026-03-26,JGB014,8.676,0.019063
2026-03-26,JGB015,10.922,0.019986
2026-03-26,JGB016,11.385,0.019563
2026-03-26,JGB017,13.183,0.019326
2026-03-26,JGB018,14.279,0.0198
2026-03-26,JGB019,14.767,0.019713
2026-03-26,JGB020,15.229,0.019733
2026-03-26,JGB021,15.586,0.019556
2026-03-26,JGB022,15.615,0.019993
2026-03-26,JGB023,16.698,0.01996
2026-03-26,JGB024,16.835,0.019856
2026-03-26,JGB025,17.952,0.019707
2026-03-26,JGB026,18.244,0.019467
2026-03-26,JGB027,18.846,0.019759
2026-03-26,JGB028,20.054,0.020487
2026-03-26,JGB029,20.276,0.019979
2026-03-26,JGB030,20.364,0.019402
2026-03-26,JGB031,23.747,0.020653
2026-03-26,JGB032,24.165,0.020268
2026-03-26,JGB033,24.594,0.020955
2026-03-26,JGB034,26.086,0.020112
2026-03-26,JGB035,26.93,0.019949
2026-03-26,JGB036,27.092,0.019614
2026-03-26,JGB037,27.882,0.020628
2026-03-26,JGB038,28.476,0.021135
2026-03-26,JGB039,29.437,0.019803
